id_venda;data;cliente;produto;categoria;quantidade;valor_unitario;cidade;estado;forma_pagamento
1;2026-01-01 00:19:00;Arthur Fernandes;Roteador Wi-Fi 6;Informática;7;320.0;Londrina;PR;Boleto Bancário
2;2026-01-01 09:18:00;Rafael Ferreira;Notebook Pro;Informática;4;6200.0;Apucarana;PR;Cartão de Crédito
3;2026-01-01 09:46:00;Amanda Pereira;Mousepad Extended;Informática;6;69.9;Londrina;PR;Pix
4;2026-01-01 21:55:00;Enzo Rodrigues;Memória RAM 16GB DDR4;Informática;4;320.0;Maringá;PR;Boleto Bancário
5;2026-01-01 23:13:00;Amanda Souza;Cabo de Rede CAT6 5m;Informática;6;25.0;Ibiporã;PR;Boleto Bancário
6;2026-01-02 03:49:00;Mateus Vieira;Notebook Gamer;Informática;3;5499.0;Cambé;PR;Cartão de Crédito
7;2026-01-02 05:55:00;João Lopes;HD Externo 2TB;Informática;1;449.0;Cambé;PR;Pix
8;2026-01-02 06:19:00;Mateus Barbosa;Roteador Wi-Fi 6;Informática;10;320.0;Cambé;PR;Cartão de Crédito
9;2026-01-02 13:08:00;Rafael Souza;Mouse Gamer RGB;Informática;5;149.9;Apucarana;PR;Boleto Bancário
10;2026-01-03 03:27:00;João Lima;Water Cooler 240mm;Informática;11;410.0;Londrina;PR;Cartão de Crédito
11;2026-01-03 08:41:00;Guilherme Martins;Suporte Articulado;Informática;1;150.0;Apucarana;PR;Boleto Bancário
12;2026-01-03 14:57:00;Daniel Barbosa;Memória RAM 32GB DDR5;Informática;3;750.0;Maringá;PR;Cartão de Crédito
13;2026-01-03 22:10:00;Gabriel Lima;Scanner de Mesa;Informática;4;650.0;Ibiporã;PR;Pix
14;2026-01-04 06:59:00;Thiago Rodrigues;Monitor Gamer 27 165Hz;Informática;10;1350.0;Ibiporã;PR;Pix
15;2026-01-04 18:18:00;Julia Carvalho;Notebook Gamer;Informática;7;5499.0;Arapongas;PR;Cartão de Crédito
16;2026-01-05 00:34:00;Daniel Ribeiro;Notebook Gamer;Informática;2;5499.0;Arapongas;PR;Boleto Bancário
17;2026-01-05 02:18:00;Mateus Barbosa;Filtro Linha 6 Tomadas;Informática;12;49.9;Apucarana;PR;Pix
18;2026-01-05 07:13:00;Bruna Fernandes;Monitor Gamer 27 165Hz;Informática;10;1350.0;Londrina;PR;Boleto Bancário
19;2026-01-05 08:35:00;Beatriz Rodrigues;Placa-Mãe MSI Gaming;Informática;8;890.0;Ibiporã;PR;Boleto Bancário
20;2026-01-05 11:19:00;João Pereira;Impressora Tanque Tinta;Informática;2;1100.0;Cambé;PR;Pix
21;2026-01-05 11:21:00;Mateus Vieira;HD Externo 2TB;Informática;4;449.0;Arapongas;PR;Pix
22;2026-01-05 11:50:00;Letícia Souza;Mouse Gamer RGB;Informática;6;149.9;Cambé;PR;Boleto Bancário
23;2026-01-05 20:32:00;Leonardo Alves;Memória RAM 32GB DDR5;Informática;8;750.0;Apucarana;PR;Boleto Bancário
24;2026-01-06 01:50:00;Mateus Pereira;Suporte Articulado;Informática;1;150.0;Londrina;PR;Boleto Bancário
25;2026-01-06 12:55:00;Larissa Fernandes;Monitor 21.5 IPS;Informática;2;599.0;Maringá;PR;Pix
26;2026-01-06 18:24:00;Felipe Pereira;Monitor 21.5 IPS;Informática;7;599.0;Maringá;PR;Boleto Bancário
27;2026-01-06 21:52:00;João Santos;Memória RAM 32GB DDR5;Informática;5;750.0;Maringá;PR;Pix
28;2026-01-07 01:15:00;Larissa Oliveira;Placa-Mãe MSI Gaming;Informática;6;890.0;Apucarana;PR;Cartão de Crédito
29;2026-01-07 02:22:00;Gustavo Martins;Headset Gamer;Informática;11;199.9;Maringá;PR;Cartão de Crédito
30;2026-01-07 02:41:00;Vitor Barbosa;Caixa de Som PC;Informática;5;120.0;Ibiporã;PR;Boleto Bancário
31;2026-01-07 04:00:00;Larissa Almeida;Suporte Articulado;Informática;7;150.0;Ibiporã;PR;Cartão de Crédito
32;2026-01-07 15:06:00;Rodrigo Fernandes;Scanner de Mesa;Informática;1;650.0;Maringá;PR;Pix
33;2026-01-07 19:30:00;Enzo Vieira;Placa-Mãe ASUS Prime;Informática;10;780.0;Maringá;PR;Boleto Bancário
34;2026-01-07 19:59:00;Arthur Lopes;Mini PC Intel;Informática;1;1250.0;Londrina;PR;Boleto Bancário
35;2026-01-07 23:11:00;Gabriel Fernandes;Teclado Mecânico;Informática;7;249.9;Ibiporã;PR;Cartão de Crédito
36;2026-01-08 01:30:00;Lucas Martins;Monitor Gamer 24 144Hz;Informática;4;980.0;Arapongas;PR;Cartão de Crédito
37;2026-01-08 02:02:00;Julia Gomes;Nobreak 1500VA;Informática;2;799.0;Apucarana;PR;Pix
38;2026-01-08 02:47:00;Felipe Costa;Mouse Sem Fio;Informática;7;89.9;Maringá;PR;Boleto Bancário
39;2026-01-08 10:59:00;Thiago Rodrigues;Mini PC Intel;Informática;2;1250.0;Cambé;PR;Boleto Bancário
40;2026-01-08 12:21:00;Letícia Santos;Processador Intel i7;Informática;11;1950.0;Maringá;PR;Pix
41;2026-01-08 15:56:00;Letícia Ferreira;Teclado de Membrana;Informática;4;79.9;Ibiporã;PR;Boleto Bancário
42;2026-01-09 02:25:00;Guilherme Martins;SSD 500GB NVMe;Informática;10;260.0;Ibiporã;PR;Pix
43;2026-01-09 05:59:00;Bruna Martins;HD Externo 2TB;Informática;2;449.0;Maringá;PR;Cartão de Crédito
44;2026-01-09 14:38:00;Mateus Alves;Cabo de Rede CAT6 5m;Informática;7;25.0;Apucarana;PR;Pix
45;2026-01-09 19:09:00;Felipe Costa;Mouse Gamer RGB;Informática;4;149.9;Apucarana;PR;Boleto Bancário
46;2026-01-10 05:26:00;João Ferreira;Placa-Mãe MSI Gaming;Informática;9;890.0;Cambé;PR;Boleto Bancário
47;2026-01-10 09:58:00;Mateus Fernandes;Nobreak 1500VA;Informática;5;799.0;Ibiporã;PR;Cartão de Crédito
48;2026-01-10 20:12:00;Enzo Alves;Tablet Android 10;Informática;4;899.0;Cambé;PR;Boleto Bancário
49;2026-01-11 00:15:00;Letícia Pereira;Monitor Ultrawide 29;Informática;12;1150.0;Arapongas;PR;Pix
50;2026-01-11 01:02:00;Vitor Ferreira;Notebook Pro;Informática;4;6200.0;Arapongas;PR;Pix
51;2026-01-11 02:12:00;Lucas Santos;Memória RAM 16GB DDR4;Informática;8;320.0;Ibiporã;PR;Boleto Bancário
52;2026-01-11 07:13:00;Larissa Silva;Placa-Mãe ASUS Prime;Informática;1;780.0;Apucarana;PR;Pix
53;2026-01-11 07:45:00;Beatriz Ferreira;Memória RAM 32GB DDR5;Informática;10;750.0;Arapongas;PR;Pix
54;2026-01-11 09:50:00;Bruno Rodrigues;Roteador Wi-Fi 6;Informática;3;320.0;Arapongas;PR;Cartão de Crédito
55;2026-01-11 11:34:00;Diego Silva;Processador AMD Ryzen 7;Informática;2;1780.0;Londrina;PR;Pix
56;2026-01-11 13:01:00;Arthur Alves;HD Externo 2TB;Informática;1;449.0;Arapongas;PR;Boleto Bancário
57;2026-01-11 14:58:00;Vitor Barbosa;Cooler Fan 120mm;Informática;12;45.0;Cambé;PR;Pix
58;2026-01-11 23:28:00;Daniel Barbosa;Microfone Condensador;Informática;7;340.0;Londrina;PR;Boleto Bancário
59;2026-01-11 23:55:00;Gabriel Oliveira;Roteador Wi-Fi 6;Informática;10;320.0;Maringá;PR;Pix
60;2026-01-12 01:19:00;Diego Pereira;Placa-Mãe MSI Gaming;Informática;2;890.0;Cambé;PR;Cartão de Crédito
61;2026-01-12 01:35:00;Gabriel Oliveira;SSD 500GB NVMe;Informática;6;260.0;Arapongas;PR;Boleto Bancário
62;2026-01-12 12:03:00;André Costa;Notebook Gamer;Informática;11;5499.0;Ibiporã;PR;Boleto Bancário
63;2026-01-12 12:28:00;Diego Pereira;Placa-Mãe ASUS Prime;Informática;12;780.0;Arapongas;PR;Boleto Bancário
64;2026-01-12 13:23:00;Aline Barbosa;Fonte Real 750W;Informática;4;490.0;Londrina;PR;Pix
65;2026-01-12 18:41:00;Thiago Costa;Memória RAM 16GB DDR4;Informática;10;320.0;Cambé;PR;Cartão de Crédito
66;2026-01-13 07:47:00;Gustavo Martins;Mouse Sem Fio;Informática;12;89.9;Ibiporã;PR;Boleto Bancário
67;2026-01-13 11:41:00;Gabriel Fernandes;SSD 2TB NVMe;Informática;1;820.0;Ibiporã;PR;Cartão de Crédito
68;2026-01-13 19:47:00;Diego Lima;Impressora Tanque Tinta;Informática;3;1100.0;Arapongas;PR;Pix
69;2026-01-13 20:21:00;Maria Souza;Monitor 4K 32;Informática;12;2400.0;Apucarana;PR;Cartão de Crédito
70;2026-01-14 04:09:00;Gustavo Souza;Headset Gamer;Informática;12;199.9;Apucarana;PR;Boleto Bancário
71;2026-01-14 06:17:00;Diego Santos;Memória RAM 16GB DDR4;Informática;1;320.0;Apucarana;PR;Pix
72;2026-01-14 06:33:00;Diego Alves;Water Cooler 240mm;Informática;2;410.0;Apucarana;PR;Boleto Bancário
73;2026-01-14 12:32:00;Vitor Barbosa;Adaptador Bluetooth USB;Informática;2;39.9;Arapongas;PR;Pix
74;2026-01-14 20:41:00;Felipe Alves;Monitor Ultrawide 29;Informática;1;1150.0;Arapongas;PR;Boleto Bancário
75;2026-01-15 02:42:00;Mateus Santos;SSD 1TB NVMe;Informática;3;450.0;Apucarana;PR;Cartão de Crédito
76;2026-01-15 04:32:00;Lucas Silva;Adaptador Bluetooth USB;Informática;12;39.9;Londrina;PR;Cartão de Crédito
77;2026-01-15 11:32:00;Pedro Oliveira;Filtro Linha 6 Tomadas;Informática;1;49.9;Londrina;PR;Cartão de Crédito
78;2026-01-15 14:08:00;Gabriel Martins;Fonte Real 750W;Informática;8;490.0;Apucarana;PR;Pix
79;2026-01-15 17:26:00;Thiago Souza;SSD 500GB NVMe;Informática;1;260.0;Cambé;PR;Boleto Bancário
80;2026-01-15 17:29:00;Larissa Oliveira;Filtro Linha 6 Tomadas;Informática;7;49.9;Maringá;PR;Pix
81;2026-01-16 14:06:00;Julia Carvalho;Fonte Real 750W;Informática;12;490.0;Apucarana;PR;Pix
82;2026-01-16 17:57:00;Aline Santos;Placa-Mãe ASUS Prime;Informática;6;780.0;Londrina;PR;Boleto Bancário
83;2026-01-16 18:35:00;Vitor Ferreira;Mini PC Intel;Informática;3;1250.0;Maringá;PR;Boleto Bancário
84;2026-01-16 19:40:00;Leonardo Ferreira;Placa de Vídeo RTX 4060;Informática;2;2100.0;Arapongas;PR;Pix
85;2026-01-16 19:47:00;Diego Pereira;Cadeira Gamer;Informática;6;990.0;Londrina;PR;Boleto Bancário
86;2026-01-16 21:07:00;Diego Lima;Monitor 21.5 IPS;Informática;6;599.0;Maringá;PR;Pix
87;2026-01-16 22:08:00;Enzo Alves;Adaptador Bluetooth USB;Informática;12;39.9;Cambé;PR;Cartão de Crédito
88;2026-01-17 12:31:00;Mateus Santos;Monitor 21.5 IPS;Informática;10;599.0;Arapongas;PR;Cartão de Crédito
89;2026-01-17 15:28:00;Vitor Soares;Nobreak 1500VA;Informática;4;799.0;Maringá;PR;Cartão de Crédito
90;2026-01-17 17:34:00;Felipe Rodrigues;Webcam Full HD;Informática;4;210.0;Cambé;PR;Pix
91;2026-01-17 18:06:00;Enzo Oliveira;Notebook Gamer;Informática;1;5499.0;Apucarana;PR;Cartão de Crédito
92;2026-01-17 20:52:00;Mateus Carvalho;Suporte Articulado;Informática;7;150.0;Ibiporã;PR;Boleto Bancário
93;2026-01-18 03:38:00;Julia Gomes;Mouse Sem Fio;Informática;4;89.9;Cambé;PR;Cartão de Crédito
94;2026-01-18 07:40:00;Thiago Fernandes;Webcam Full HD;Informática;1;210.0;Maringá;PR;Boleto Bancário
95;2026-01-18 07:49:00;André Lima;Water Cooler 240mm;Informática;1;410.0;Maringá;PR;Boleto Bancário
96;2026-01-18 11:15:00;Daniel Barbosa;Webcam Full HD;Informática;6;210.0;Arapongas;PR;Boleto Bancário
97;2026-01-18 13:43:00;Bruna Silva;Placa-Mãe MSI Gaming;Informática;2;890.0;Cambé;PR;Cartão de Crédito
98;2026-01-18 15:02:00;Ana Gomes;Notebook Gamer;Informática;2;5499.0;Cambé;PR;Boleto Bancário
99;2026-01-18 16:34:00;Felipe Lima;Placa de Vídeo RX 7600;Informática;11;1650.0;Maringá;PR;Cartão de Crédito
100;2026-01-18 16:41:00;Gabriel Ferreira;Cooler Fan 120mm;Informática;6;45.0;Arapongas;PR;Boleto Bancário
101;2026-01-18 21:58:00;Bruna Fernandes;Filtro Linha 6 Tomadas;Informática;6;49.9;Arapongas;PR;Pix
102;2026-01-19 01:27:00;Maria Fernandes;Fonte Real 650W;Informática;4;380.0;Maringá;PR;Boleto Bancário
103;2026-01-19 02:17:00;Diego Soares;Memória RAM 8GB DDR4;Informática;2;180.0;Maringá;PR;Pix
104;2026-01-19 09:29:00;Amanda Santos;Monitor 21.5 IPS;Informática;7;599.0;Londrina;PR;Boleto Bancário
105;2026-01-19 14:26:00;Diego Santos;Teclado de Membrana;Informática;4;79.9;Arapongas;PR;Pix
106;2026-01-19 14:29:00;Amanda Pereira;Monitor 21.5 IPS;Informática;2;599.0;Londrina;PR;Cartão de Crédito
107;2026-01-19 18:40:00;Enzo Alves;Mini PC Intel;Informática;12;1250.0;Ibiporã;PR;Boleto Bancário
108;2026-01-19 22:03:00;Arthur Fernandes;Placa de Vídeo RTX 4060;Informática;6;2100.0;Maringá;PR;Cartão de Crédito
109;2026-01-20 04:48:00;João Ferreira;Scanner de Mesa;Informática;6;650.0;Arapongas;PR;Boleto Bancário
110;2026-01-20 05:49:00;Amanda Vieira;Placa de Vídeo RX 7600;Informática;5;1650.0;Apucarana;PR;Cartão de Crédito
111;2026-01-20 10:38:00;João Souza;Processador AMD Ryzen 7;Informática;8;1780.0;Cambé;PR;Boleto Bancário
112;2026-01-20 11:16:00;João Ferreira;Repetidor Wi-Fi;Informática;2;89.0;Arapongas;PR;Cartão de Crédito
113;2026-01-20 18:07:00;João Ribeiro;Memória RAM 32GB DDR5;Informática;1;750.0;Londrina;PR;Cartão de Crédito
114;2026-01-20 21:03:00;Rafael Soares;Memória RAM 32GB DDR5;Informática;7;750.0;Apucarana;PR;Boleto Bancário
115;2026-01-20 21:59:00;Yasmin Costa;Notebook Gamer;Informática;2;5499.0;Cambé;PR;Boleto Bancário
116;2026-01-20 22:18:00;Maria Fernandes;Gabinete Gamer ATX;Informática;1;320.0;Londrina;PR;Cartão de Crédito
117;2026-01-21 00:16:00;Arthur Lopes;Notebook Pro;Informática;3;6200.0;Londrina;PR;Pix
118;2026-01-21 05:15:00;Arthur Alves;Memória RAM 16GB DDR4;Informática;8;320.0;Londrina;PR;Cartão de Crédito
119;2026-01-21 08:28:00;Leonardo Santos;Adaptador Bluetooth USB;Informática;12;39.9;Arapongas;PR;Pix
120;2026-01-21 10:38:00;Vitor Oliveira;Processador AMD Ryzen 7;Informática;11;1780.0;Arapongas;PR;Cartão de Crédito
121;2026-01-21 11:14:00;Yasmin Vieira;Teclado de Membrana;Informática;3;79.9;Apucarana;PR;Pix
122;2026-01-21 13:38:00;Gustavo Fernandes;Mousepad Extended;Informática;1;69.9;Cambé;PR;Boleto Bancário
123;2026-01-21 14:54:00;Yasmin Lopes;Notebook Home;Informática;11;2499.0;Apucarana;PR;Pix
124;2026-01-21 15:01:00;Larissa Pereira;Webcam Full HD;Informática;8;210.0;Londrina;PR;Cartão de Crédito
125;2026-01-21 16:28:00;Gabriel Almeida;Water Cooler 240mm;Informática;3;410.0;Arapongas;PR;Cartão de Crédito
126;2026-01-21 16:47:00;Diego Alves;Notebook Pro;Informática;4;6200.0;Ibiporã;PR;Boleto Bancário
127;2026-01-21 19:02:00;Vitor Oliveira;Processador AMD Ryzen 7;Informática;12;1780.0;Apucarana;PR;Pix
128;2026-01-21 19:55:00;João Alves;Roteador Wi-Fi 6;Informática;6;320.0;Cambé;PR;Boleto Bancário
129;2026-01-21 20:54:00;Beatriz Ferreira;Mouse Gamer RGB;Informática;5;149.9;Maringá;PR;Cartão de Crédito
130;2026-01-22 01:09:00;Enzo Lima;Mouse Gamer RGB;Informática;4;149.9;Londrina;PR;Pix
131;2026-01-22 02:27:00;Pedro Gomes;Placa de Vídeo RX 7600;Informática;9;1650.0;Apucarana;PR;Boleto Bancário
132;2026-01-22 03:49:00;Bruno Lima;Fonte Real 650W;Informática;2;380.0;Maringá;PR;Boleto Bancário
133;2026-01-22 03:53:00;Felipe Silva;Fonte Real 750W;Informática;9;490.0;Ibiporã;PR;Cartão de Crédito
134;2026-01-22 05:17:00;Vitor Lopes;Suporte Articulado;Informática;10;150.0;Arapongas;PR;Pix
135;2026-01-22 09:35:00;Thiago Souza;SSD 2TB NVMe;Informática;4;820.0;Cambé;PR;Pix
136;2026-01-22 15:54:00;Rodrigo Carvalho;Filtro Linha 6 Tomadas;Informática;6;49.9;Cambé;PR;Cartão de Crédito
137;2026-01-22 16:23:00;Daniel Barbosa;Scanner de Mesa;Informática;6;650.0;Cambé;PR;Boleto Bancário
138;2026-01-22 18:01:00;Leonardo Alves;SSD 500GB NVMe;Informática;4;260.0;Arapongas;PR;Boleto Bancário
139;2026-01-22 21:08:00;André Rodrigues;Mouse Sem Fio;Informática;8;89.9;Londrina;PR;Cartão de Crédito
140;2026-01-22 23:27:00;Larissa Almeida;Placa de Vídeo RX 7600;Informática;10;1650.0;Maringá;PR;Cartão de Crédito
141;2026-01-22 23:57:00;Mateus Oliveira;Monitor 4K 32;Informática;1;2400.0;Apucarana;PR;Boleto Bancário
142;2026-01-23 02:19:00;Enzo Vieira;HD Externo 1TB;Informática;6;299.0;Ibiporã;PR;Cartão de Crédito
143;2026-01-23 05:27:00;Rodrigo Gomes;Mouse Gamer RGB;Informática;1;149.9;Maringá;PR;Boleto Bancário
144;2026-01-23 20:36:00;Thiago Rodrigues;Scanner de Mesa;Informática;2;650.0;Cambé;PR;Pix
145;2026-01-23 21:54:00;Bruna Vieira;Placa-Mãe ASUS Prime;Informática;12;780.0;Ibiporã;PR;Pix
146;2026-01-24 00:19:00;Julia Fernandes;Cabo de Rede CAT6 5m;Informática;6;25.0;Apucarana;PR;Pix
147;2026-01-24 09:20:00;Bruno Lima;Memória RAM 32GB DDR5;Informática;12;750.0;Arapongas;PR;Boleto Bancário
148;2026-01-24 12:00:00;João Santos;Monitor Gamer 27 165Hz;Informática;6;1350.0;Maringá;PR;Boleto Bancário
149;2026-01-24 12:32:00;Enzo Oliveira;Repetidor Wi-Fi;Informática;10;89.0;Apucarana;PR;Cartão de Crédito
150;2026-01-24 13:06:00;Diego Silva;Tablet Android 10;Informática;3;899.0;Arapongas;PR;Pix
151;2026-01-24 16:41:00;Amanda Souza;Nobreak 1500VA;Informática;5;799.0;Maringá;PR;Cartão de Crédito
152;2026-01-24 19:38:00;Felipe Pereira;Nobreak 1500VA;Informática;12;799.0;Cambé;PR;Pix
153;2026-01-24 19:38:00;Leonardo Pereira;Cadeira Gamer;Informática;1;990.0;Maringá;PR;Boleto Bancário
154;2026-01-25 01:18:00;Letícia Santos;Mouse Gamer RGB;Informática;4;149.9;Ibiporã;PR;Boleto Bancário
155;2026-01-25 05:08:00;Guilherme Ribeiro;Memória RAM 8GB DDR4;Informática;3;180.0;Apucarana;PR;Boleto Bancário
156;2026-01-25 10:27:00;Letícia Carvalho;Placa-Mãe ASUS Prime;Informática;6;780.0;Apucarana;PR;Cartão de Crédito
157;2026-01-25 16:09:00;Bruna Martins;Notebook Gamer;Informática;12;5499.0;Ibiporã;PR;Boleto Bancário
158;2026-01-25 16:58:00;Amanda Rodrigues;Nobreak 1500VA;Informática;8;799.0;Londrina;PR;Pix
159;2026-01-25 17:43:00;João Ferreira;HD Externo 2TB;Informática;12;449.0;Londrina;PR;Pix
160;2026-01-25 23:47:00;Leonardo Vieira;Gabinete Gamer ATX;Informática;12;320.0;Londrina;PR;Cartão de Crédito
161;2026-01-26 06:18:00;Arthur Soares;Headset Bluetooth;Informática;12;280.0;Arapongas;PR;Cartão de Crédito
162;2026-01-26 06:40:00;Lucas Costa;Webcam Full HD;Informática;7;210.0;Apucarana;PR;Boleto Bancário
163;2026-01-26 08:14:00;Julia Fernandes;Headset Bluetooth;Informática;8;280.0;Cambé;PR;Boleto Bancário
164;2026-01-26 14:10:00;Vinícius Lopes;Suporte Articulado;Informática;4;150.0;Maringá;PR;Pix
165;2026-01-26 15:39:00;Julia Santos;Placa-Mãe ASUS Prime;Informática;5;780.0;Londrina;PR;Pix
166;2026-01-26 22:41:00;Julia Gomes;Gabinete Gamer ATX;Informática;2;320.0;Apucarana;PR;Cartão de Crédito
167;2026-01-26 23:30:00;Enzo Soares;Headset Bluetooth;Informática;12;280.0;Londrina;PR;Boleto Bancário
168;2026-01-27 18:47:00;Daniel Carvalho;Placa-Mãe MSI Gaming;Informática;10;890.0;Cambé;PR;Pix
169;2026-01-27 22:54:00;Rafael Silva;Scanner de Mesa;Informática;7;650.0;Ibiporã;PR;Cartão de Crédito
170;2026-01-28 07:27:00;Felipe Lima;Switch Gigabit 8 Portas;Informática;3;135.0;Londrina;PR;Cartão de Crédito
171;2026-01-28 10:15:00;João Lopes;Teclado Mecânico;Informática;4;249.9;Arapongas;PR;Boleto Bancário
172;2026-01-28 10:18:00;Letícia Ferreira;Repetidor Wi-Fi;Informática;12;89.0;Cambé;PR;Pix
173;2026-01-28 11:54:00;Letícia Souza;Tablet Android 10;Informática;5;899.0;Maringá;PR;Cartão de Crédito
174;2026-01-28 14:32:00;Ana Gomes;Placa de Vídeo RX 7600;Informática;10;1650.0;Cambé;PR;Pix
175;2026-01-28 15:45:00;Vitor Ferreira;SSD 500GB NVMe;Informática;6;260.0;Londrina;PR;Pix
176;2026-01-28 18:01:00;Enzo Santos;Placa-Mãe MSI Gaming;Informática;11;890.0;Ibiporã;PR;Boleto Bancário
177;2026-01-29 01:51:00;Vitor Lima;Monitor Gamer 24 144Hz;Informática;2;980.0;Londrina;PR;Cartão de Crédito
178;2026-01-29 06:01:00;Beatriz Costa;SSD 1TB NVMe;Informática;5;450.0;Londrina;PR;Pix
179;2026-01-29 10:10:00;Larissa Santos;Memória RAM 16GB DDR4;Informática;7;320.0;Arapongas;PR;Pix
180;2026-01-29 13:37:00;Amanda Pereira;Tablet Android 10;Informática;2;899.0;Ibiporã;PR;Boleto Bancário
181;2026-01-29 18:07:00;Rafael Santos;Headset Bluetooth;Informática;6;280.0;Arapongas;PR;Pix
182;2026-01-30 00:54:00;Guilherme Santos;SSD 2TB NVMe;Informática;1;820.0;Apucarana;PR;Pix
183;2026-01-30 05:19:00;Amanda Pereira;Monitor 21.5 IPS;Informática;4;599.0;Apucarana;PR;Boleto Bancário
184;2026-01-30 08:11:00;Gustavo Fernandes;Placa de Vídeo RX 7600;Informática;12;1650.0;Ibiporã;PR;Cartão de Crédito
185;2026-01-30 08:42:00;Bruna Pereira;Placa-Mãe MSI Gaming;Informática;6;890.0;Cambé;PR;Pix
186;2026-01-30 14:07:00;Diego Silva;Suporte Articulado;Informática;4;150.0;Cambé;PR;Cartão de Crédito
187;2026-01-30 16:32:00;Amanda Costa;Headset Bluetooth;Informática;7;280.0;Cambé;PR;Boleto Bancário
188;2026-01-30 18:12:00;Aline Santos;Monitor Gamer 24 144Hz;Informática;4;980.0;Arapongas;PR;Pix
189;2026-01-30 20:41:00;Ana Souza;Placa-Mãe MSI Gaming;Informática;12;890.0;Londrina;PR;Boleto Bancário
190;2026-01-30 21:13:00;Maria Souza;Adaptador Bluetooth USB;Informática;10;39.9;Ibiporã;PR;Boleto Bancário
191;2026-01-31 00:31:00;Gabriel Fernandes;SSD 500GB NVMe;Informática;8;260.0;Maringá;PR;Cartão de Crédito
192;2026-01-31 04:06:00;Maria Lima;HD Externo 2TB;Informática;3;449.0;Londrina;PR;Pix
193;2026-01-31 08:49:00;Bruno Rodrigues;Placa-Mãe MSI Gaming;Informática;7;890.0;Maringá;PR;Boleto Bancário
194;2026-01-31 17:48:00;Enzo Lima;SSD 500GB NVMe;Informática;5;260.0;Apucarana;PR;Boleto Bancário
195;2026-01-31 18:50:00;Bruna Martins;Placa-Mãe ASUS Prime;Informática;7;780.0;Cambé;PR;Pix
196;2026-02-01 01:15:00;Bruna Fernandes;Repetidor Wi-Fi;Informática;5;89.0;Cambé;PR;Pix
197;2026-02-01 16:09:00;Daniel Barbosa;Processador Intel i7;Informática;10;1950.0;Cambé;PR;Boleto Bancário
198;2026-02-01 23:57:00;Amanda Oliveira;Webcam Full HD;Informática;7;210.0;Maringá;PR;Cartão de Crédito
199;2026-02-02 10:41:00;Diego Silva;Adaptador Bluetooth USB;Informática;10;39.9;Londrina;PR;Cartão de Crédito
200;2026-02-02 16:37:00;Thiago Ribeiro;Adaptador Bluetooth USB;Informática;2;39.9;Apucarana;PR;Boleto Bancário
201;2026-02-02 23:14:00;Guilherme Martins;Teclado de Membrana;Informática;5;79.9;Arapongas;PR;Boleto Bancário
202;2026-02-03 17:56:00;Aline Santos;Monitor Gamer 27 165Hz;Informática;10;1350.0;Arapongas;PR;Cartão de Crédito
203;2026-02-03 19:56:00;Leonardo Almeida;SSD 2TB NVMe;Informática;7;820.0;Maringá;PR;Boleto Bancário
204;2026-02-04 02:17:00;Bruno Rodrigues;Switch Gigabit 8 Portas;Informática;12;135.0;Arapongas;PR;Cartão de Crédito
205;2026-02-04 02:28:00;Beatriz Lima;Caixa de Som PC;Informática;12;120.0;Maringá;PR;Cartão de Crédito
206;2026-02-04 02:45:00;Rafael Almeida;Filtro Linha 6 Tomadas;Informática;5;49.9;Apucarana;PR;Cartão de Crédito
207;2026-02-04 06:52:00;Enzo Alves;Teclado Mecânico;Informática;5;249.9;Apucarana;PR;Pix
208;2026-02-04 08:46:00;Vinícius Lopes;Impressora Tanque Tinta;Informática;2;1100.0;Maringá;PR;Cartão de Crédito
209;2026-02-04 09:00:00;Daniel Souza;Mouse Sem Fio;Informática;8;89.9;Apucarana;PR;Pix
210;2026-02-04 09:20:00;Julia Carvalho;Nobreak 1500VA;Informática;10;799.0;Ibiporã;PR;Cartão de Crédito
211;2026-02-04 12:15:00;Arthur Lopes;HD Externo 1TB;Informática;4;299.0;Arapongas;PR;Boleto Bancário
212;2026-02-04 14:42:00;André Martins;Monitor Gamer 27 165Hz;Informática;9;1350.0;Apucarana;PR;Cartão de Crédito
213;2026-02-04 16:29:00;Bruno Lima;Monitor Ultrawide 29;Informática;2;1150.0;Apucarana;PR;Boleto Bancário
214;2026-02-04 20:46:00;João Souza;Monitor Ultrawide 29;Informática;3;1150.0;Cambé;PR;Boleto Bancário
215;2026-02-05 00:35:00;André Rodrigues;Processador AMD Ryzen 7;Informática;4;1780.0;Maringá;PR;Cartão de Crédito
216;2026-02-05 04:04:00;Julia Santos;Fonte Real 750W;Informática;8;490.0;Londrina;PR;Pix
217;2026-02-05 04:14:00;Rafael Soares;Scanner de Mesa;Informática;5;650.0;Apucarana;PR;Pix
218;2026-02-05 07:50:00;Ana Souza;Monitor Ultrawide 29;Informática;11;1150.0;Londrina;PR;Boleto Bancário
219;2026-02-05 16:23:00;Lucas Santos;Processador AMD Ryzen 7;Informática;6;1780.0;Arapongas;PR;Boleto Bancário
220;2026-02-05 18:24:00;Thiago Souza;Mousepad Extended;Informática;8;69.9;Cambé;PR;Boleto Bancário
221;2026-02-05 20:06:00;Gustavo Lopes;Teclado de Membrana;Informática;3;79.9;Apucarana;PR;Boleto Bancário
222;2026-02-05 22:21:00;André Lima;Impressora Tanque Tinta;Informática;5;1100.0;Londrina;PR;Pix
223;2026-02-05 22:30:00;Enzo Soares;Placa de Vídeo RX 7600;Informática;10;1650.0;Maringá;PR;Cartão de Crédito
224;2026-02-05 22:46:00;André Souza;Notebook Pro;Informática;11;6200.0;Maringá;PR;Pix
225;2026-02-06 02:03:00;Vitor Souza;Notebook Pro;Informática;9;6200.0;Londrina;PR;Boleto Bancário
226;2026-02-06 06:38:00;Rafael Almeida;Processador Intel i7;Informática;3;1950.0;Ibiporã;PR;Cartão de Crédito
227;2026-02-06 07:29:00;Diego Lima;Switch Gigabit 8 Portas;Informática;4;135.0;Apucarana;PR;Boleto Bancário
228;2026-02-06 11:19:00;Ana Lima;Mouse Sem Fio;Informática;12;89.9;Ibiporã;PR;Pix
229;2026-02-06 11:19:00;Arthur Pereira;Microfone Condensador;Informática;6;340.0;Arapongas;PR;Pix
230;2026-02-06 13:55:00;Diego Souza;HD Externo 2TB;Informática;5;449.0;Ibiporã;PR;Boleto Bancário
231;2026-02-06 14:58:00;Ana Souza;Notebook Home;Informática;10;2499.0;Londrina;PR;Cartão de Crédito
232;2026-02-06 18:42:00;Enzo Costa;Monitor Ultrawide 29;Informática;6;1150.0;Cambé;PR;Boleto Bancário
233;2026-02-06 21:33:00;Mateus Fernandes;Switch Gigabit 8 Portas;Informática;5;135.0;Apucarana;PR;Boleto Bancário
234;2026-02-06 22:52:00;Gustavo Costa;Memória RAM 8GB DDR4;Informática;2;180.0;Apucarana;PR;Pix
235;2026-02-07 02:08:00;Bruna Fernandes;Notebook Gamer;Informática;5;5499.0;Apucarana;PR;Boleto Bancário
236;2026-02-07 02:10:00;João Santos;Scanner de Mesa;Informática;5;650.0;Maringá;PR;Cartão de Crédito
237;2026-02-07 07:06:00;André Costa;Monitor 4K 32;Informática;4;2400.0;Londrina;PR;Boleto Bancário
238;2026-02-07 07:33:00;Enzo Costa;Caixa de Som PC;Informática;6;120.0;Ibiporã;PR;Cartão de Crédito
239;2026-02-07 08:12:00;Felipe Rodrigues;Nobreak 1500VA;Informática;11;799.0;Arapongas;PR;Pix
240;2026-02-07 09:02:00;Felipe Lopes;Gabinete Gamer ATX;Informática;7;320.0;Arapongas;PR;Boleto Bancário
241;2026-02-07 19:00:00;Yasmin Fernandes;Placa de Vídeo RTX 4060;Informática;12;2100.0;Cambé;PR;Cartão de Crédito
242;2026-02-08 00:13:00;Gustavo Pereira;Teclado Mecânico;Informática;12;249.9;Maringá;PR;Boleto Bancário
243;2026-02-08 08:52:00;Beatriz Costa;Roteador Wi-Fi 6;Informática;8;320.0;Ibiporã;PR;Pix
244;2026-02-08 10:05:00;Lucas Pereira;Monitor Ultrawide 29;Informática;3;1150.0;Ibiporã;PR;Boleto Bancário
245;2026-02-08 13:44:00;Enzo Santos;SSD 2TB NVMe;Informática;2;820.0;Arapongas;PR;Cartão de Crédito
246;2026-02-08 14:04:00;Gabriel Ferreira;Filtro Linha 6 Tomadas;Informática;12;49.9;Cambé;PR;Cartão de Crédito
247;2026-02-08 15:02:00;Amanda Rodrigues;Mini PC Intel;Informática;11;1250.0;Londrina;PR;Cartão de Crédito
248;2026-02-08 19:57:00;André Souza;Teclado de Membrana;Informática;12;79.9;Apucarana;PR;Pix
249;2026-02-09 02:30:00;Bruna Vieira;Teclado Mecânico;Informática;5;249.9;Cambé;PR;Pix
250;2026-02-09 05:42:00;Gabriel Fernandes;Monitor 21.5 IPS;Informática;8;599.0;Londrina;PR;Boleto Bancário
251;2026-02-09 07:08:00;Bruna Silva;Cabo de Rede CAT6 5m;Informática;10;25.0;Londrina;PR;Pix
252;2026-02-09 12:45:00;Thiago Soares;HD Externo 1TB;Informática;2;299.0;Ibiporã;PR;Pix
253;2026-02-09 13:41:00;Lucas Pereira;Monitor 4K 32;Informática;7;2400.0;Londrina;PR;Cartão de Crédito
254;2026-02-09 15:59:00;Vitor Lima;Memória RAM 32GB DDR5;Informática;6;750.0;Arapongas;PR;Boleto Bancário
255;2026-02-09 22:27:00;Thiago Rodrigues;Monitor 21.5 IPS;Informática;6;599.0;Ibiporã;PR;Cartão de Crédito
256;2026-02-09 23:24:00;Thiago Vieira;Cadeira Gamer;Informática;8;990.0;Apucarana;PR;Boleto Bancário
257;2026-02-10 00:09:00;Amanda Santos;SSD 2TB NVMe;Informática;11;820.0;Londrina;PR;Cartão de Crédito
258;2026-02-10 00:26:00;Leonardo Almeida;Mousepad Extended;Informática;4;69.9;Maringá;PR;Boleto Bancário
259;2026-02-10 02:28:00;Bruno Lima;Suporte Articulado;Informática;8;150.0;Londrina;PR;Cartão de Crédito
260;2026-02-10 10:35:00;Felipe Lima;Notebook Home;Informática;11;2499.0;Arapongas;PR;Pix
261;2026-02-10 11:19:00;Mateus Oliveira;Microfone Condensador;Informática;7;340.0;Londrina;PR;Cartão de Crédito
262;2026-02-10 13:41:00;Vitor Lima;Roteador Wi-Fi 6;Informática;12;320.0;Apucarana;PR;Cartão de Crédito
263;2026-02-10 14:26:00;Rodrigo Soares;Mouse Gamer RGB;Informática;9;149.9;Maringá;PR;Cartão de Crédito
264;2026-02-10 15:32:00;Larissa Lima;Mini PC Intel;Informática;11;1250.0;Ibiporã;PR;Cartão de Crédito
265;2026-02-10 19:03:00;Enzo Oliveira;Fonte Real 650W;Informática;6;380.0;Apucarana;PR;Cartão de Crédito
266;2026-02-10 22:45:00;Gabriel Almeida;Memória RAM 8GB DDR4;Informática;9;180.0;Cambé;PR;Pix
267;2026-02-10 23:55:00;Amanda Ribeiro;SSD 1TB NVMe;Informática;1;450.0;Apucarana;PR;Pix
268;2026-02-11 10:26:00;Mateus Alves;Monitor 21.5 IPS;Informática;9;599.0;Cambé;PR;Boleto Bancário
269;2026-02-11 18:15:00;Felipe Lima;Teclado Mecânico;Informática;11;249.9;Maringá;PR;Pix
270;2026-02-12 09:38:00;João Pereira;Monitor Gamer 27 165Hz;Informática;4;1350.0;Maringá;PR;Pix
271;2026-02-12 23:15:00;Vinícius Silva;Processador AMD Ryzen 7;Informática;4;1780.0;Ibiporã;PR;Cartão de Crédito
272;2026-02-12 23:28:00;Beatriz Rodrigues;HD Externo 2TB;Informática;1;449.0;Cambé;PR;Boleto Bancário
273;2026-02-13 02:32:00;João Ribeiro;SSD 1TB NVMe;Informática;6;450.0;Ibiporã;PR;Boleto Bancário
274;2026-02-13 04:17:00;Arthur Pereira;Placa de Vídeo RTX 4060;Informática;11;2100.0;Apucarana;PR;Boleto Bancário
275;2026-02-13 18:37:00;Mateus Pereira;Notebook Home;Informática;10;2499.0;Londrina;PR;Boleto Bancário
276;2026-02-13 19:29:00;Larissa Oliveira;Memória RAM 8GB DDR4;Informática;1;180.0;Londrina;PR;Boleto Bancário
277;2026-02-13 21:05:00;Julia Carvalho;Memória RAM 16GB DDR4;Informática;8;320.0;Arapongas;PR;Cartão de Crédito
278;2026-02-13 21:24:00;Pedro Ribeiro;Repetidor Wi-Fi;Informática;8;89.0;Ibiporã;PR;Cartão de Crédito
279;2026-02-14 03:42:00;Enzo Oliveira;HD Externo 2TB;Informática;11;449.0;Ibiporã;PR;Cartão de Crédito
280;2026-02-14 11:32:00;Felipe Lopes;Mouse Sem Fio;Informática;11;89.9;Londrina;PR;Boleto Bancário
281;2026-02-14 14:58:00;Larissa Soares;Monitor 4K 32;Informática;10;2400.0;Cambé;PR;Boleto Bancário
282;2026-02-14 15:33:00;Felipe Lopes;Memória RAM 32GB DDR5;Informática;2;750.0;Cambé;PR;Boleto Bancário
283;2026-02-14 17:04:00;Gabriel Fernandes;Notebook Home;Informática;5;2499.0;Londrina;PR;Cartão de Crédito
284;2026-02-14 17:10:00;Rafael Soares;Monitor Gamer 27 165Hz;Informática;10;1350.0;Maringá;PR;Pix
285;2026-02-14 19:09:00;Vitor Lima;Monitor 4K 32;Informática;6;2400.0;Ibiporã;PR;Pix
286;2026-02-14 19:36:00;Enzo Soares;Cooler Fan 120mm;Informática;1;45.0;Cambé;PR;Pix
287;2026-02-14 20:43:00;Amanda Souza;HD Externo 2TB;Informática;8;449.0;Apucarana;PR;Cartão de Crédito
288;2026-02-14 21:29:00;Mateus Costa;Processador Intel i7;Informática;11;1950.0;Londrina;PR;Cartão de Crédito
289;2026-02-14 22:28:00;Bruna Pereira;Adaptador Bluetooth USB;Informática;8;39.9;Maringá;PR;Cartão de Crédito
290;2026-02-15 01:53:00;Pedro Oliveira;Cadeira Gamer;Informática;2;990.0;Ibiporã;PR;Boleto Bancário
291;2026-02-15 12:20:00;Mateus Soares;Memória RAM 8GB DDR4;Informática;11;180.0;Maringá;PR;Pix
292;2026-02-16 04:27:00;Amanda Pereira;Cooler Fan 120mm;Informática;8;45.0;Londrina;PR;Cartão de Crédito
293;2026-02-16 05:11:00;Arthur Alves;SSD 2TB NVMe;Informática;5;820.0;Apucarana;PR;Boleto Bancário
294;2026-02-16 06:21:00;Mateus Vieira;Mouse Gamer RGB;Informática;12;149.9;Londrina;PR;Cartão de Crédito
295;2026-02-16 17:18:00;Gabriel Martins;Suporte Articulado;Informática;1;150.0;Maringá;PR;Boleto Bancário
296;2026-02-16 22:49:00;Gabriel Vieira;Notebook Pro;Informática;6;6200.0;Apucarana;PR;Pix
297;2026-02-17 00:47:00;Felipe Silva;Notebook Home;Informática;12;2499.0;Londrina;PR;Pix
298;2026-02-17 10:53:00;Amanda Gomes;Teclado Mecânico;Informática;2;249.9;Arapongas;PR;Pix
299;2026-02-17 20:42:00;Larissa Soares;Monitor 21.5 IPS;Informática;7;599.0;Ibiporã;PR;Pix
300;2026-02-18 01:17:00;João Santos;Webcam Full HD;Informática;3;210.0;Londrina;PR;Cartão de Crédito
301;2026-02-18 08:02:00;Gustavo Pereira;Impressora Tanque Tinta;Informática;1;1100.0;Maringá;PR;Cartão de Crédito
302;2026-02-18 10:38:00;Enzo Almeida;Webcam Full HD;Informática;8;210.0;Cambé;PR;Boleto Bancário
303;2026-02-18 19:16:00;Amanda Gomes;Mousepad Extended;Informática;10;69.9;Arapongas;PR;Pix
304;2026-02-18 23:07:00;Rafael Silva;Notebook Home;Informática;11;2499.0;Ibiporã;PR;Cartão de Crédito
305;2026-02-19 05:39:00;João Alves;Monitor Gamer 24 144Hz;Informática;2;980.0;Arapongas;PR;Pix
306;2026-02-19 06:47:00;Amanda Ribeiro;Placa de Vídeo RTX 4060;Informática;5;2100.0;Ibiporã;PR;Pix
307;2026-02-19 07:17:00;Rafael Souza;Processador Intel i7;Informática;11;1950.0;Cambé;PR;Boleto Bancário
308;2026-02-19 10:07:00;Gustavo Pereira;Adaptador Bluetooth USB;Informática;10;39.9;Maringá;PR;Boleto Bancário
309;2026-02-19 11:22:00;Maria Souza;Teclado Mecânico;Informática;9;249.9;Ibiporã;PR;Boleto Bancário
310;2026-02-19 11:35:00;Rodrigo Fernandes;Notebook Home;Informática;7;2499.0;Ibiporã;PR;Boleto Bancário
311;2026-02-19 13:42:00;Gustavo Costa;Fonte Real 750W;Informática;6;490.0;Ibiporã;PR;Boleto Bancário
312;2026-02-19 22:44:00;Gabriel Almeida;Notebook Pro;Informática;3;6200.0;Cambé;PR;Boleto Bancário
313;2026-02-20 02:37:00;Diego Lima;Placa de Vídeo RX 7600;Informática;11;1650.0;Maringá;PR;Boleto Bancário
314;2026-02-20 10:14:00;Lucas Costa;Monitor Gamer 24 144Hz;Informática;3;980.0;Londrina;PR;Pix
315;2026-02-20 11:27:00;Lucas Santos;Mouse Gamer RGB;Informática;6;149.9;Apucarana;PR;Cartão de Crédito
316;2026-02-20 13:07:00;André Souza;Monitor Ultrawide 29;Informática;9;1150.0;Ibiporã;PR;Pix
317;2026-02-20 14:06:00;Letícia Carvalho;Caixa de Som PC;Informática;2;120.0;Arapongas;PR;Pix
318;2026-02-20 14:37:00;Guilherme Santos;Adaptador Bluetooth USB;Informática;2;39.9;Arapongas;PR;Pix
319;2026-02-20 20:35:00;Gabriel Fernandes;Mouse Gamer RGB;Informática;8;149.9;Ibiporã;PR;Boleto Bancário
320;2026-02-21 00:39:00;Julia Gomes;Processador AMD Ryzen 7;Informática;7;1780.0;Arapongas;PR;Cartão de Crédito
321;2026-02-21 01:20:00;Larissa Pereira;Repetidor Wi-Fi;Informática;1;89.0;Londrina;PR;Boleto Bancário
322;2026-02-21 01:50:00;Beatriz Costa;Notebook Home;Informática;5;2499.0;Cambé;PR;Boleto Bancário
323;2026-02-21 09:20:00;Larissa Oliveira;HD Externo 2TB;Informática;11;449.0;Arapongas;PR;Pix
324;2026-02-21 15:20:00;Vitor Ferreira;Headset Gamer;Informática;4;199.9;Arapongas;PR;Pix
325;2026-02-21 19:08:00;Daniel Ribeiro;Repetidor Wi-Fi;Informática;10;89.0;Cambé;PR;Pix
326;2026-02-22 02:53:00;Mateus Carvalho;Scanner de Mesa;Informática;6;650.0;Ibiporã;PR;Pix
327;2026-02-22 12:58:00;Rodrigo Fernandes;Memória RAM 16GB DDR4;Informática;11;320.0;Maringá;PR;Cartão de Crédito
328;2026-02-22 13:24:00;Bruna Oliveira;Teclado Mecânico;Informática;11;249.9;Apucarana;PR;Boleto Bancário
329;2026-02-22 13:32:00;Bruna Vieira;Monitor 4K 32;Informática;12;2400.0;Londrina;PR;Cartão de Crédito
330;2026-02-22 16:30:00;Lucas Costa;SSD 1TB NVMe;Informática;3;450.0;Ibiporã;PR;Boleto Bancário
331;2026-02-23 13:50:00;Vitor Souza;Nobreak 1500VA;Informática;2;799.0;Apucarana;PR;Boleto Bancário
332;2026-02-23 18:13:00;Letícia Pereira;HD Externo 1TB;Informática;2;299.0;Arapongas;PR;Cartão de Crédito
333;2026-02-24 02:26:00;Letícia Pereira;Monitor 21.5 IPS;Informática;12;599.0;Apucarana;PR;Cartão de Crédito
334;2026-02-24 04:48:00;Julia Carvalho;Suporte Articulado;Informática;1;150.0;Ibiporã;PR;Boleto Bancário
335;2026-02-24 06:17:00;João Ribeiro;Cabo de Rede CAT6 5m;Informática;8;25.0;Arapongas;PR;Boleto Bancário
336;2026-02-24 06:52:00;Rodrigo Alves;Cabo de Rede CAT6 5m;Informática;3;25.0;Arapongas;PR;Cartão de Crédito
337;2026-02-24 08:42:00;Letícia Costa;Monitor 4K 32;Informática;1;2400.0;Cambé;PR;Pix
338;2026-02-24 14:20:00;Gustavo Costa;Cabo de Rede CAT6 5m;Informática;9;25.0;Maringá;PR;Boleto Bancário
339;2026-02-24 19:18:00;André Rodrigues;Cabo de Rede CAT6 5m;Informática;12;25.0;Maringá;PR;Cartão de Crédito
340;2026-02-24 20:40:00;Mateus Carvalho;Headset Bluetooth;Informática;10;280.0;Cambé;PR;Pix
341;2026-02-25 04:35:00;Gabriel Almeida;Monitor Ultrawide 29;Informática;7;1150.0;Cambé;PR;Boleto Bancário
342;2026-02-25 07:43:00;João Ferreira;Suporte Articulado;Informática;5;150.0;Arapongas;PR;Pix
343;2026-02-25 13:28:00;Aline Ferreira;Cooler Fan 120mm;Informática;3;45.0;Maringá;PR;Pix
344;2026-02-25 14:44:00;Daniel Barbosa;Switch Gigabit 8 Portas;Informática;12;135.0;Cambé;PR;Pix
345;2026-02-25 15:13:00;Larissa Pereira;Impressora Tanque Tinta;Informática;6;1100.0;Ibiporã;PR;Boleto Bancário
346;2026-02-25 16:07:00;João Vieira;Repetidor Wi-Fi;Informática;4;89.0;Maringá;PR;Cartão de Crédito
347;2026-02-26 07:08:00;Ana Lima;Notebook Home;Informática;5;2499.0;Ibiporã;PR;Pix
348;2026-02-26 09:02:00;Enzo Vieira;Mini PC Intel;Informática;12;1250.0;Ibiporã;PR;Cartão de Crédito
349;2026-02-26 12:44:00;Lucas Vieira;Monitor Ultrawide 29;Informática;12;1150.0;Ibiporã;PR;Pix
350;2026-02-26 13:19:00;Aline Costa;Scanner de Mesa;Informática;6;650.0;Cambé;PR;Pix
351;2026-02-26 14:23:00;Aline Santos;Cabo de Rede CAT6 5m;Informática;11;25.0;Ibiporã;PR;Pix
352;2026-02-26 14:56:00;Daniel Alves;Mini PC Intel;Informática;9;1250.0;Apucarana;PR;Pix
353;2026-02-26 15:14:00;Amanda Costa;Processador Intel i7;Informática;2;1950.0;Londrina;PR;Pix
354;2026-02-26 19:02:00;Vitor Ferreira;SSD 500GB NVMe;Informática;11;260.0;Londrina;PR;Cartão de Crédito
355;2026-02-26 23:09:00;Rafael Ferreira;Water Cooler 240mm;Informática;3;410.0;Apucarana;PR;Boleto Bancário
356;2026-02-27 03:12:00;Guilherme Carvalho;Gabinete Gamer ATX;Informática;1;320.0;Ibiporã;PR;Pix
357;2026-02-27 06:09:00;Rafael Ferreira;HD Externo 2TB;Informática;9;449.0;Londrina;PR;Pix
358;2026-02-27 09:54:00;Julia Gomes;Mousepad Extended;Informática;10;69.9;Ibiporã;PR;Boleto Bancário
359;2026-02-27 16:24:00;André Souza;Repetidor Wi-Fi;Informática;12;89.0;Ibiporã;PR;Boleto Bancário
360;2026-02-27 20:04:00;Letícia Carvalho;Headset Bluetooth;Informática;9;280.0;Ibiporã;PR;Pix
361;2026-02-27 21:46:00;Gustavo Martins;Impressora Tanque Tinta;Informática;1;1100.0;Arapongas;PR;Pix
362;2026-02-28 11:11:00;Vinícius Lopes;Webcam Full HD;Informática;6;210.0;Cambé;PR;Cartão de Crédito
363;2026-02-28 11:35:00;Daniel Souza;Processador Intel i7;Informática;5;1950.0;Maringá;PR;Boleto Bancário
364;2026-02-28 13:21:00;Arthur Lopes;Cadeira Gamer;Informática;4;990.0;Ibiporã;PR;Boleto Bancário
365;2026-02-28 16:35:00;Yasmin Costa;Scanner de Mesa;Informática;6;650.0;Cambé;PR;Boleto Bancário
366;2026-02-28 19:51:00;Amanda Carvalho;Filtro Linha 6 Tomadas;Informática;4;49.9;Ibiporã;PR;Cartão de Crédito
367;2026-02-28 21:53:00;Guilherme Santos;Cooler Fan 120mm;Informática;3;45.0;Ibiporã;PR;Cartão de Crédito
368;2026-02-28 23:03:00;André Rodrigues;SSD 2TB NVMe;Informática;12;820.0;Cambé;PR;Cartão de Crédito
369;2026-03-01 01:06:00;Arthur Alves;Headset Bluetooth;Informática;7;280.0;Apucarana;PR;Boleto Bancário
370;2026-03-01 02:45:00;Enzo Vieira;Gabinete Gamer ATX;Informática;3;320.0;Cambé;PR;Pix
371;2026-03-01 08:50:00;Beatriz Lima;Processador Intel i7;Informática;8;1950.0;Ibiporã;PR;Cartão de Crédito
372;2026-03-01 09:45:00;Diego Soares;Placa de Vídeo RTX 4060;Informática;6;2100.0;Cambé;PR;Cartão de Crédito
373;2026-03-01 10:49:00;Vitor Barbosa;Cadeira Gamer;Informática;10;990.0;Ibiporã;PR;Pix
374;2026-03-01 13:02:00;Aline Santos;Monitor Gamer 27 165Hz;Informática;9;1350.0;Apucarana;PR;Cartão de Crédito
375;2026-03-01 15:01:00;Guilherme Almeida;Scanner de Mesa;Informática;9;650.0;Maringá;PR;Cartão de Crédito
376;2026-03-01 17:13:00;Aline Souza;Monitor 4K 32;Informática;9;2400.0;Maringá;PR;Pix
377;2026-03-01 17:47:00;Gabriel Oliveira;Roteador Wi-Fi 6;Informática;7;320.0;Londrina;PR;Pix
378;2026-03-02 08:21:00;Yasmin Vieira;Fonte Real 650W;Informática;11;380.0;Apucarana;PR;Pix
379;2026-03-02 12:36:00;Enzo Santos;Headset Gamer;Informática;4;199.9;Cambé;PR;Boleto Bancário
380;2026-03-02 14:39:00;Ana Alves;Monitor Gamer 24 144Hz;Informática;11;980.0;Londrina;PR;Cartão de Crédito
381;2026-03-02 17:08:00;Gustavo Lopes;Tablet Android 10;Informática;8;899.0;Maringá;PR;Boleto Bancário
382;2026-03-02 21:19:00;Aline Gomes;Notebook Home;Informática;4;2499.0;Londrina;PR;Boleto Bancário
383;2026-03-03 06:39:00;Vitor Oliveira;Mouse Gamer RGB;Informática;2;149.9;Arapongas;PR;Pix
384;2026-03-03 07:03:00;Gustavo Pereira;Roteador Wi-Fi 6;Informática;5;320.0;Londrina;PR;Boleto Bancário
385;2026-03-03 08:28:00;Bruna Vieira;Cadeira Gamer;Informática;9;990.0;Cambé;PR;Pix
386;2026-03-03 09:51:00;Gabriel Martins;Monitor Gamer 27 165Hz;Informática;5;1350.0;Ibiporã;PR;Cartão de Crédito
387;2026-03-03 15:58:00;João Lima;Mouse Gamer RGB;Informática;2;149.9;Londrina;PR;Cartão de Crédito
388;2026-03-03 17:20:00;Gabriel Oliveira;Cadeira Gamer;Informática;9;990.0;Londrina;PR;Boleto Bancário
389;2026-03-03 18:24:00;Yasmin Almeida;Placa-Mãe ASUS Prime;Informática;11;780.0;Ibiporã;PR;Cartão de Crédito
390;2026-03-03 22:09:00;Pedro Carvalho;Mini PC Intel;Informática;2;1250.0;Maringá;PR;Boleto Bancário
391;2026-03-03 22:10:00;Felipe Santos;Impressora Tanque Tinta;Informática;7;1100.0;Ibiporã;PR;Cartão de Crédito
392;2026-03-03 22:30:00;Vinícius Lopes;Filtro Linha 6 Tomadas;Informática;3;49.9;Londrina;PR;Pix
393;2026-03-03 23:26:00;Beatriz Lima;Scanner de Mesa;Informática;1;650.0;Londrina;PR;Cartão de Crédito
394;2026-03-04 01:36:00;Thiago Souza;Placa de Vídeo RX 7600;Informática;5;1650.0;Cambé;PR;Cartão de Crédito
395;2026-03-04 02:17:00;Vinícius Silva;Adaptador Bluetooth USB;Informática;5;39.9;Arapongas;PR;Pix
396;2026-03-04 03:44:00;João Vieira;Mousepad Extended;Informática;7;69.9;Arapongas;PR;Pix
397;2026-03-04 04:41:00;Beatriz Ferreira;Processador AMD Ryzen 7;Informática;11;1780.0;Londrina;PR;Boleto Bancário
398;2026-03-04 09:42:00;João Carvalho;Processador Intel i7;Informática;12;1950.0;Cambé;PR;Cartão de Crédito
399;2026-03-04 10:24:00;Daniel Souza;Suporte Articulado;Informática;10;150.0;Londrina;PR;Boleto Bancário
400;2026-03-04 15:35:00;João Pereira;Placa-Mãe ASUS Prime;Informática;9;780.0;Londrina;PR;Pix
401;2026-03-04 18:33:00;Enzo Alves;Mini PC Intel;Informática;10;1250.0;Londrina;PR;Pix
402;2026-03-04 22:14:00;Arthur Soares;Suporte Articulado;Informática;7;150.0;Arapongas;PR;Boleto Bancário
403;2026-03-05 00:16:00;Rafael Almeida;Processador AMD Ryzen 7;Informática;3;1780.0;Cambé;PR;Cartão de Crédito
404;2026-03-05 03:29:00;Daniel Alves;Memória RAM 32GB DDR5;Informática;7;750.0;Cambé;PR;Pix
405;2026-03-05 05:52:00;Thiago Rodrigues;Notebook Gamer;Informática;5;5499.0;Ibiporã;PR;Boleto Bancário
406;2026-03-05 20:17:00;Bruna Vieira;Notebook Pro;Informática;1;6200.0;Cambé;PR;Boleto Bancário
407;2026-03-05 21:42:00;João Ribeiro;SSD 500GB NVMe;Informática;1;260.0;Londrina;PR;Boleto Bancário
408;2026-03-05 23:40:00;Ana Gomes;Switch Gigabit 8 Portas;Informática;9;135.0;Cambé;PR;Cartão de Crédito
409;2026-03-06 00:05:00;Yasmin Almeida;Mouse Sem Fio;Informática;12;89.9;Ibiporã;PR;Boleto Bancário
410;2026-03-06 01:41:00;Yasmin Vieira;Teclado de Membrana;Informática;7;79.9;Ibiporã;PR;Boleto Bancário
411;2026-03-06 07:07:00;Enzo Soares;SSD 500GB NVMe;Informática;3;260.0;Maringá;PR;Boleto Bancário
412;2026-03-06 10:07:00;Maria Lima;Gabinete Gamer ATX;Informática;2;320.0;Maringá;PR;Boleto Bancário
413;2026-03-06 15:07:00;Vitor Ferreira;Adaptador Bluetooth USB;Informática;9;39.9;Arapongas;PR;Boleto Bancário
414;2026-03-07 06:21:00;Lucas Martins;Repetidor Wi-Fi;Informática;5;89.0;Ibiporã;PR;Cartão de Crédito
415;2026-03-07 09:20:00;Julia Fernandes;Gabinete Gamer ATX;Informática;4;320.0;Ibiporã;PR;Boleto Bancário
416;2026-03-07 11:10:00;Beatriz Lima;Monitor Gamer 27 165Hz;Informática;6;1350.0;Maringá;PR;Boleto Bancário
417;2026-03-07 14:16:00;Letícia Carvalho;Notebook Pro;Informática;2;6200.0;Apucarana;PR;Boleto Bancário
418;2026-03-07 23:30:00;Maria Lima;Placa-Mãe ASUS Prime;Informática;6;780.0;Arapongas;PR;Pix
419;2026-03-08 10:17:00;Yasmin Lima;Teclado Mecânico;Informática;11;249.9;Apucarana;PR;Boleto Bancário
420;2026-03-08 12:20:00;Diego Soares;Cabo de Rede CAT6 5m;Informática;10;25.0;Cambé;PR;Pix
421;2026-03-08 22:28:00;Mateus Vieira;Mouse Gamer RGB;Informática;3;149.9;Londrina;PR;Pix
422;2026-03-09 01:06:00;Vitor Lopes;Fonte Real 750W;Informática;12;490.0;Ibiporã;PR;Boleto Bancário
423;2026-03-09 01:08:00;Leonardo Almeida;Microfone Condensador;Informática;6;340.0;Maringá;PR;Boleto Bancário
424;2026-03-09 10:39:00;Beatriz Lima;Nobreak 1500VA;Informática;8;799.0;Arapongas;PR;Pix
425;2026-03-09 17:07:00;Enzo Rodrigues;Teclado de Membrana;Informática;5;79.9;Arapongas;PR;Boleto Bancário
426;2026-03-09 18:24:00;André Rodrigues;Memória RAM 8GB DDR4;Informática;11;180.0;Cambé;PR;Cartão de Crédito
427;2026-03-09 19:30:00;Felipe Costa;Water Cooler 240mm;Informática;9;410.0;Maringá;PR;Pix
428;2026-03-09 20:13:00;Vitor Barbosa;Nobreak 1500VA;Informática;2;799.0;Ibiporã;PR;Cartão de Crédito
429;2026-03-09 20:50:00;Rodrigo Alves;Processador AMD Ryzen 7;Informática;11;1780.0;Londrina;PR;Boleto Bancário
430;2026-03-10 00:11:00;João Souza;Cabo de Rede CAT6 5m;Informática;10;25.0;Maringá;PR;Cartão de Crédito
431;2026-03-10 10:19:00;Gabriel Ferreira;Repetidor Wi-Fi;Informática;9;89.0;Cambé;PR;Pix
432;2026-03-10 10:54:00;Enzo Rodrigues;Notebook Pro;Informática;3;6200.0;Apucarana;PR;Pix
433;2026-03-10 17:52:00;Diego Santos;Fonte Real 650W;Informática;10;380.0;Ibiporã;PR;Pix
434;2026-03-10 18:02:00;Ana Lopes;Memória RAM 32GB DDR5;Informática;9;750.0;Cambé;PR;Cartão de Crédito
435;2026-03-11 03:08:00;Diego Carvalho;Caixa de Som PC;Informática;9;120.0;Londrina;PR;Boleto Bancário
436;2026-03-11 03:51:00;Yasmin Lima;Fonte Real 750W;Informática;11;490.0;Maringá;PR;Boleto Bancário
437;2026-03-11 04:06:00;Guilherme Santos;Memória RAM 32GB DDR5;Informática;3;750.0;Maringá;PR;Boleto Bancário
438;2026-03-11 05:16:00;Mateus Carvalho;Adaptador Bluetooth USB;Informática;3;39.9;Ibiporã;PR;Boleto Bancário
439;2026-03-11 06:51:00;João Pereira;Monitor Gamer 24 144Hz;Informática;1;980.0;Maringá;PR;Pix
440;2026-03-11 13:31:00;Amanda Ribeiro;Fonte Real 650W;Informática;5;380.0;Apucarana;PR;Cartão de Crédito
441;2026-03-11 13:53:00;Bruna Pereira;Placa de Vídeo RTX 4060;Informática;4;2100.0;Cambé;PR;Pix
442;2026-03-11 14:31:00;Pedro Gomes;Headset Bluetooth;Informática;8;280.0;Londrina;PR;Cartão de Crédito
443;2026-03-11 22:48:00;Gabriel Lima;Notebook Pro;Informática;2;6200.0;Ibiporã;PR;Boleto Bancário
444;2026-03-12 01:35:00;Leonardo Almeida;Notebook Gamer;Informática;12;5499.0;Apucarana;PR;Boleto Bancário
445;2026-03-12 04:08:00;Leonardo Pereira;Roteador Wi-Fi 6;Informática;3;320.0;Arapongas;PR;Boleto Bancário
446;2026-03-12 04:40:00;Diego Carvalho;Headset Bluetooth;Informática;10;280.0;Ibiporã;PR;Cartão de Crédito
447;2026-03-12 06:07:00;Pedro Ribeiro;Monitor 4K 32;Informática;7;2400.0;Maringá;PR;Boleto Bancário
448;2026-03-12 06:59:00;Bruna Oliveira;Caixa de Som PC;Informática;6;120.0;Arapongas;PR;Pix
449;2026-03-12 07:34:00;Larissa Lima;Switch Gigabit 8 Portas;Informática;9;135.0;Maringá;PR;Pix
450;2026-03-12 09:07:00;Vinícius Silva;SSD 1TB NVMe;Informática;2;450.0;Cambé;PR;Boleto Bancário
451;2026-03-12 17:00:00;Yasmin Vieira;Water Cooler 240mm;Informática;3;410.0;Maringá;PR;Cartão de Crédito
452;2026-03-12 19:40:00;Amanda Carvalho;Headset Gamer;Informática;12;199.9;Londrina;PR;Boleto Bancário
453;2026-03-12 20:50:00;Julia Carvalho;Fonte Real 650W;Informática;6;380.0;Ibiporã;PR;Cartão de Crédito
454;2026-03-13 07:07:00;Lucas Silva;Monitor Gamer 24 144Hz;Informática;8;980.0;Arapongas;PR;Cartão de Crédito
455;2026-03-13 12:23:00;Enzo Soares;Cabo de Rede CAT6 5m;Informática;11;25.0;Arapongas;PR;Cartão de Crédito
456;2026-03-13 17:36:00;Gabriel Martins;Fonte Real 750W;Informática;3;490.0;Cambé;PR;Boleto Bancário
457;2026-03-13 18:14:00;Rodrigo Ribeiro;SSD 1TB NVMe;Informática;11;450.0;Cambé;PR;Cartão de Crédito
458;2026-03-14 02:16:00;Guilherme Carvalho;Adaptador Bluetooth USB;Informática;1;39.9;Maringá;PR;Pix
459;2026-03-14 12:26:00;Maria Souza;SSD 2TB NVMe;Informática;7;820.0;Cambé;PR;Boleto Bancário
460;2026-03-14 12:29:00;Larissa Fernandes;Notebook Gamer;Informática;12;5499.0;Ibiporã;PR;Boleto Bancário
461;2026-03-14 12:32:00;Beatriz Alves;Cooler Fan 120mm;Informática;4;45.0;Arapongas;PR;Boleto Bancário
462;2026-03-14 15:38:00;Gustavo Costa;Monitor Gamer 24 144Hz;Informática;3;980.0;Maringá;PR;Pix
463;2026-03-14 16:42:00;Thiago Rodrigues;Switch Gigabit 8 Portas;Informática;10;135.0;Maringá;PR;Boleto Bancário
464;2026-03-14 21:43:00;Pedro Oliveira;Tablet Android 10;Informática;5;899.0;Maringá;PR;Boleto Bancário
465;2026-03-14 22:55:00;Enzo Ferreira;Mini PC Intel;Informática;8;1250.0;Cambé;PR;Boleto Bancário
466;2026-03-14 23:50:00;Vinícius Silva;Placa-Mãe ASUS Prime;Informática;7;780.0;Arapongas;PR;Cartão de Crédito
467;2026-03-15 02:24:00;Larissa Fernandes;Memória RAM 8GB DDR4;Informática;4;180.0;Cambé;PR;Boleto Bancário
468;2026-03-15 05:49:00;Felipe Lopes;Mini PC Intel;Informática;3;1250.0;Cambé;PR;Cartão de Crédito
469;2026-03-15 07:19:00;Rafael Almeida;SSD 2TB NVMe;Informática;10;820.0;Cambé;PR;Cartão de Crédito
470;2026-03-15 07:47:00;Thiago Soares;Roteador Wi-Fi 6;Informática;2;320.0;Londrina;PR;Pix
471;2026-03-15 11:55:00;Enzo Vieira;Tablet Android 10;Informática;10;899.0;Cambé;PR;Cartão de Crédito
472;2026-03-15 13:11:00;Amanda Vieira;Cadeira Gamer;Informática;11;990.0;Arapongas;PR;Boleto Bancário
473;2026-03-15 14:07:00;Mateus Santos;Webcam Full HD;Informática;1;210.0;Ibiporã;PR;Boleto Bancário
474;2026-03-15 14:56:00;Vinícius Silva;Microfone Condensador;Informática;8;340.0;Arapongas;PR;Pix
475;2026-03-15 19:19:00;Felipe Santos;Cabo de Rede CAT6 5m;Informática;12;25.0;Cambé;PR;Cartão de Crédito
476;2026-03-15 20:03:00;Rodrigo Ribeiro;Microfone Condensador;Informática;5;340.0;Arapongas;PR;Cartão de Crédito
477;2026-03-15 21:34:00;Letícia Souza;Placa-Mãe MSI Gaming;Informática;10;890.0;Cambé;PR;Pix
478;2026-03-15 22:05:00;Letícia Pereira;Gabinete Gamer ATX;Informática;1;320.0;Ibiporã;PR;Boleto Bancário
479;2026-03-15 22:13:00;Julia Oliveira;Processador Intel i7;Informática;9;1950.0;Londrina;PR;Boleto Bancário
480;2026-03-16 01:00:00;Arthur Pereira;Processador Intel i7;Informática;11;1950.0;Maringá;PR;Boleto Bancário
481;2026-03-16 07:52:00;Vitor Souza;Mouse Gamer RGB;Informática;6;149.9;Londrina;PR;Cartão de Crédito
482;2026-03-16 09:54:00;João Santos;Microfone Condensador;Informática;10;340.0;Apucarana;PR;Pix
483;2026-03-16 13:00:00;Pedro Carvalho;Roteador Wi-Fi 6;Informática;10;320.0;Apucarana;PR;Boleto Bancário
484;2026-03-16 13:24:00;Bruno Rodrigues;Water Cooler 240mm;Informática;7;410.0;Maringá;PR;Pix
485;2026-03-16 16:45:00;Gustavo Lima;Repetidor Wi-Fi;Informática;8;89.0;Maringá;PR;Pix
486;2026-03-16 22:08:00;Gustavo Lima;Repetidor Wi-Fi;Informática;8;89.0;Apucarana;PR;Pix
487;2026-03-16 23:44:00;Gustavo Lopes;Adaptador Bluetooth USB;Informática;12;39.9;Arapongas;PR;Boleto Bancário
488;2026-03-17 00:53:00;Mateus Carvalho;Memória RAM 32GB DDR5;Informática;2;750.0;Ibiporã;PR;Cartão de Crédito
489;2026-03-17 03:32:00;Daniel Barbosa;Mousepad Extended;Informática;3;69.9;Londrina;PR;Cartão de Crédito
490;2026-03-17 07:45:00;Leonardo Ferreira;Monitor Ultrawide 29;Informática;6;1150.0;Cambé;PR;Boleto Bancário
491;2026-03-17 11:39:00;Vinícius Lopes;Impressora Tanque Tinta;Informática;12;1100.0;Londrina;PR;Cartão de Crédito
492;2026-03-17 13:58:00;Felipe Oliveira;Headset Bluetooth;Informática;1;280.0;Londrina;PR;Cartão de Crédito
493;2026-03-17 14:32:00;Larissa Ribeiro;Monitor Gamer 24 144Hz;Informática;7;980.0;Londrina;PR;Cartão de Crédito
494;2026-03-17 17:08:00;Vitor Lopes;Gabinete Gamer ATX;Informática;6;320.0;Londrina;PR;Boleto Bancário
495;2026-03-18 00:02:00;Gustavo Pereira;Placa de Vídeo RTX 4060;Informática;7;2100.0;Arapongas;PR;Boleto Bancário
496;2026-03-18 01:51:00;Amanda Costa;Notebook Pro;Informática;5;6200.0;Ibiporã;PR;Boleto Bancário
497;2026-03-18 07:19:00;Enzo Rodrigues;Placa de Vídeo RX 7600;Informática;3;1650.0;Ibiporã;PR;Pix
498;2026-03-18 12:11:00;Diego Lima;Mousepad Extended;Informática;4;69.9;Ibiporã;PR;Boleto Bancário
499;2026-03-18 12:54:00;Maria Lima;Cooler Fan 120mm;Informática;1;45.0;Cambé;PR;Boleto Bancário
500;2026-03-18 15:50:00;Rodrigo Carvalho;Monitor 4K 32;Informática;4;2400.0;Cambé;PR;Cartão de Crédito
501;2026-03-18 15:52:00;André Almeida;Mini PC Intel;Informática;6;1250.0;Maringá;PR;Boleto Bancário
502;2026-03-18 16:19:00;Bruno Lima;Processador Intel i7;Informática;2;1950.0;Apucarana;PR;Pix
503;2026-03-18 18:21:00;Bruna Pereira;Teclado de Membrana;Informática;7;79.9;Arapongas;PR;Boleto Bancário
504;2026-03-18 18:37:00;Maria Souza;HD Externo 1TB;Informática;1;299.0;Ibiporã;PR;Boleto Bancário
505;2026-03-18 18:38:00;André Lima;Placa-Mãe ASUS Prime;Informática;9;780.0;Apucarana;PR;Boleto Bancário
506;2026-03-18 19:37:00;Yasmin Fernandes;Repetidor Wi-Fi;Informática;6;89.0;Apucarana;PR;Pix
507;2026-03-18 21:52:00;Mateus Fernandes;Fonte Real 650W;Informática;4;380.0;Arapongas;PR;Pix
508;2026-03-19 00:45:00;Larissa Lima;Adaptador Bluetooth USB;Informática;5;39.9;Maringá;PR;Pix
509;2026-03-19 02:15:00;Leonardo Vieira;Monitor Ultrawide 29;Informática;9;1150.0;Londrina;PR;Boleto Bancário
510;2026-03-19 05:10:00;Enzo Ferreira;Cooler Fan 120mm;Informática;2;45.0;Cambé;PR;Pix
511;2026-03-19 07:16:00;Julia Oliveira;Roteador Wi-Fi 6;Informática;5;320.0;Ibiporã;PR;Pix
512;2026-03-19 08:31:00;Leonardo Alves;Headset Bluetooth;Informática;8;280.0;Maringá;PR;Pix
513;2026-03-19 08:37:00;Beatriz Gomes;Cadeira Gamer;Informática;11;990.0;Arapongas;PR;Boleto Bancário
514;2026-03-19 12:35:00;Gustavo Costa;Processador AMD Ryzen 7;Informática;2;1780.0;Apucarana;PR;Cartão de Crédito
515;2026-03-19 15:15:00;Felipe Oliveira;Headset Bluetooth;Informática;4;280.0;Ibiporã;PR;Boleto Bancário
516;2026-03-19 19:34:00;Amanda Santos;Fonte Real 650W;Informática;7;380.0;Apucarana;PR;Boleto Bancário
517;2026-03-19 21:38:00;Diego Lima;Roteador Wi-Fi 6;Informática;12;320.0;Apucarana;PR;Cartão de Crédito
518;2026-03-20 01:14:00;André Lima;Cooler Fan 120mm;Informática;7;45.0;Ibiporã;PR;Boleto Bancário
519;2026-03-20 03:11:00;Maria Fernandes;Teclado Mecânico;Informática;9;249.9;Maringá;PR;Pix
520;2026-03-20 08:23:00;Bruna Oliveira;Mouse Gamer RGB;Informática;4;149.9;Cambé;PR;Pix
521;2026-03-20 14:38:00;Daniel Alves;SSD 2TB NVMe;Informática;11;820.0;Maringá;PR;Pix
522;2026-03-20 15:01:00;Vitor Lima;Filtro Linha 6 Tomadas;Informática;4;49.9;Ibiporã;PR;Cartão de Crédito
523;2026-03-20 23:01:00;João Lopes;Gabinete Gamer ATX;Informática;4;320.0;Maringá;PR;Cartão de Crédito
524;2026-03-20 23:55:00;João Pereira;Notebook Home;Informática;3;2499.0;Londrina;PR;Cartão de Crédito
525;2026-03-21 10:22:00;Amanda Vieira;Placa-Mãe MSI Gaming;Informática;11;890.0;Arapongas;PR;Boleto Bancário
526;2026-03-21 16:25:00;André Costa;Processador Intel i7;Informática;9;1950.0;Londrina;PR;Pix
527;2026-03-21 17:00:00;Aline Lopes;Headset Gamer;Informática;6;199.9;Arapongas;PR;Boleto Bancário
528;2026-03-21 18:43:00;Thiago Fernandes;Water Cooler 240mm;Informática;3;410.0;Cambé;PR;Pix
529;2026-03-21 22:07:00;Vitor Lopes;Caixa de Som PC;Informática;10;120.0;Maringá;PR;Cartão de Crédito
530;2026-03-22 00:13:00;Pedro Carvalho;Monitor 4K 32;Informática;8;2400.0;Cambé;PR;Cartão de Crédito
531;2026-03-22 03:15:00;Gustavo Lopes;Monitor Ultrawide 29;Informática;7;1150.0;Ibiporã;PR;Cartão de Crédito
532;2026-03-22 06:48:00;Gabriel Fernandes;Monitor 21.5 IPS;Informática;12;599.0;Cambé;PR;Pix
533;2026-03-22 13:02:00;Amanda Souza;Mouse Gamer RGB;Informática;1;149.9;Londrina;PR;Boleto Bancário
534;2026-03-22 13:38:00;Vitor Oliveira;HD Externo 2TB;Informática;10;449.0;Londrina;PR;Pix
535;2026-03-22 18:27:00;Letícia Santos;Headset Gamer;Informática;5;199.9;Maringá;PR;Boleto Bancário
536;2026-03-22 19:24:00;Letícia Carvalho;Gabinete Gamer ATX;Informática;5;320.0;Arapongas;PR;Boleto Bancário
537;2026-03-22 21:16:00;Diego Carvalho;Teclado Mecânico;Informática;3;249.9;Arapongas;PR;Pix
538;2026-03-22 22:20:00;Felipe Lopes;HD Externo 2TB;Informática;12;449.0;Apucarana;PR;Pix
539;2026-03-23 05:25:00;Mateus Barbosa;Caixa de Som PC;Informática;8;120.0;Maringá;PR;Boleto Bancário
540;2026-03-23 06:23:00;Julia Oliveira;Memória RAM 32GB DDR5;Informática;11;750.0;Maringá;PR;Cartão de Crédito
541;2026-03-23 11:06:00;Larissa Soares;Nobreak 1500VA;Informática;4;799.0;Cambé;PR;Pix
542;2026-03-23 14:39:00;Rafael Soares;Headset Bluetooth;Informática;3;280.0;Ibiporã;PR;Cartão de Crédito
543;2026-03-23 17:05:00;Diego Lima;Monitor Gamer 24 144Hz;Informática;3;980.0;Arapongas;PR;Pix
544;2026-03-23 18:38:00;João Vieira;Memória RAM 32GB DDR5;Informática;9;750.0;Cambé;PR;Boleto Bancário
545;2026-03-23 21:22:00;João Alves;Mouse Gamer RGB;Informática;5;149.9;Apucarana;PR;Boleto Bancário
546;2026-03-23 23:30:00;Mateus Pereira;Adaptador Bluetooth USB;Informática;7;39.9;Londrina;PR;Boleto Bancário
547;2026-03-24 00:11:00;Rodrigo Gomes;SSD 1TB NVMe;Informática;4;450.0;Apucarana;PR;Pix
548;2026-03-24 03:05:00;Rodrigo Fernandes;Notebook Gamer;Informática;8;5499.0;Ibiporã;PR;Pix
549;2026-03-24 06:44:00;Felipe Alves;Gabinete Gamer ATX;Informática;6;320.0;Cambé;PR;Boleto Bancário
550;2026-03-24 07:19:00;Gustavo Lopes;Gabinete Gamer ATX;Informática;1;320.0;Arapongas;PR;Cartão de Crédito
551;2026-03-24 14:28:00;Amanda Vieira;Teclado de Membrana;Informática;10;79.9;Maringá;PR;Boleto Bancário
552;2026-03-24 20:20:00;João Santos;Adaptador Bluetooth USB;Informática;11;39.9;Cambé;PR;Cartão de Crédito
553;2026-03-24 21:06:00;Letícia Souza;Cadeira Gamer;Informática;6;990.0;Apucarana;PR;Boleto Bancário
554;2026-03-24 22:14:00;João Alves;Monitor Ultrawide 29;Informática;12;1150.0;Arapongas;PR;Cartão de Crédito
555;2026-03-25 01:18:00;Yasmin Lima;Headset Bluetooth;Informática;5;280.0;Arapongas;PR;Boleto Bancário
556;2026-03-25 02:25:00;Beatriz Fernandes;SSD 500GB NVMe;Informática;11;260.0;Apucarana;PR;Pix
557;2026-03-25 06:29:00;Letícia Santos;Notebook Gamer;Informática;10;5499.0;Arapongas;PR;Cartão de Crédito
558;2026-03-25 12:00:00;Enzo Soares;Placa-Mãe MSI Gaming;Informática;6;890.0;Maringá;PR;Pix
559;2026-03-25 16:28:00;Larissa Oliveira;Mouse Gamer RGB;Informática;5;149.9;Ibiporã;PR;Pix
560;2026-03-25 18:38:00;Yasmin Costa;Switch Gigabit 8 Portas;Informática;7;135.0;Apucarana;PR;Pix
561;2026-03-25 18:46:00;Felipe Alves;Cadeira Gamer;Informática;12;990.0;Cambé;PR;Boleto Bancário
562;2026-03-25 19:14:00;Guilherme Martins;Mousepad Extended;Informática;3;69.9;Maringá;PR;Cartão de Crédito
563;2026-03-25 21:18:00;Mateus Alves;Memória RAM 32GB DDR5;Informática;4;750.0;Ibiporã;PR;Pix
564;2026-03-25 21:30:00;Daniel Barbosa;Filtro Linha 6 Tomadas;Informática;12;49.9;Londrina;PR;Cartão de Crédito
565;2026-03-26 03:55:00;Ana Souza;SSD 1TB NVMe;Informática;2;450.0;Londrina;PR;Cartão de Crédito
566;2026-03-26 04:42:00;Larissa Pereira;Monitor Gamer 24 144Hz;Informática;1;980.0;Londrina;PR;Pix
567;2026-03-26 18:54:00;André Costa;Monitor 4K 32;Informática;2;2400.0;Londrina;PR;Pix
568;2026-03-26 19:20:00;Diego Soares;Notebook Home;Informática;2;2499.0;Ibiporã;PR;Pix
569;2026-03-26 21:07:00;Vinícius Silva;Mouse Sem Fio;Informática;4;89.9;Ibiporã;PR;Pix
570;2026-03-26 21:54:00;Vitor Barbosa;Mousepad Extended;Informática;3;69.9;Maringá;PR;Boleto Bancário
571;2026-03-27 02:21:00;Rafael Silva;SSD 1TB NVMe;Informática;1;450.0;Ibiporã;PR;Pix
572;2026-03-27 02:52:00;Rafael Almeida;Mouse Gamer RGB;Informática;8;149.9;Cambé;PR;Pix
573;2026-03-27 04:02:00;Arthur Lopes;Repetidor Wi-Fi;Informática;3;89.0;Ibiporã;PR;Boleto Bancário
574;2026-03-27 04:08:00;Enzo Almeida;SSD 2TB NVMe;Informática;10;820.0;Arapongas;PR;Boleto Bancário
575;2026-03-27 07:08:00;Felipe Oliveira;Filtro Linha 6 Tomadas;Informática;10;49.9;Arapongas;PR;Boleto Bancário
576;2026-03-27 09:58:00;Beatriz Costa;Notebook Gamer;Informática;9;5499.0;Apucarana;PR;Pix
577;2026-03-27 13:52:00;Lucas Vieira;Monitor Gamer 24 144Hz;Informática;4;980.0;Londrina;PR;Pix
578;2026-03-27 17:48:00;Diego Carvalho;Mouse Sem Fio;Informática;7;89.9;Apucarana;PR;Cartão de Crédito
579;2026-03-28 03:29:00;Diego Lima;Mouse Sem Fio;Informática;1;89.9;Cambé;PR;Cartão de Crédito
580;2026-03-28 07:21:00;Rafael Oliveira;Teclado de Membrana;Informática;8;79.9;Cambé;PR;Cartão de Crédito
581;2026-03-28 08:48:00;Thiago Fernandes;Impressora Tanque Tinta;Informática;8;1100.0;Apucarana;PR;Cartão de Crédito
582;2026-03-28 09:36:00;Leonardo Santos;Cadeira Gamer;Informática;5;990.0;Cambé;PR;Cartão de Crédito
583;2026-03-28 12:17:00;Larissa Pereira;Processador Intel i7;Informática;6;1950.0;Maringá;PR;Pix
584;2026-03-28 17:23:00;Felipe Lima;Repetidor Wi-Fi;Informática;7;89.0;Maringá;PR;Cartão de Crédito
585;2026-03-28 18:02:00;Letícia Costa;Scanner de Mesa;Informática;11;650.0;Arapongas;PR;Pix
586;2026-03-28 19:08:00;Amanda Pereira;Fonte Real 650W;Informática;2;380.0;Arapongas;PR;Boleto Bancário
587;2026-03-28 21:38:00;Maria Souza;Fonte Real 750W;Informática;10;490.0;Ibiporã;PR;Boleto Bancário
588;2026-03-29 00:54:00;Letícia Souza;Water Cooler 240mm;Informática;11;410.0;Ibiporã;PR;Boleto Bancário
589;2026-03-29 05:03:00;Guilherme Martins;Water Cooler 240mm;Informática;4;410.0;Londrina;PR;Cartão de Crédito
590;2026-03-29 14:50:00;Felipe Vieira;Memória RAM 32GB DDR5;Informática;2;750.0;Ibiporã;PR;Pix
591;2026-03-29 19:09:00;Aline Ferreira;Notebook Home;Informática;5;2499.0;Ibiporã;PR;Boleto Bancário
592;2026-03-29 20:06:00;Letícia Pereira;Monitor Gamer 27 165Hz;Informática;6;1350.0;Londrina;PR;Cartão de Crédito
593;2026-03-29 22:05:00;Diego Ferreira;Placa de Vídeo RX 7600;Informática;1;1650.0;Maringá;PR;Cartão de Crédito
594;2026-03-30 01:06:00;Felipe Silva;Cooler Fan 120mm;Informática;3;45.0;Ibiporã;PR;Pix
595;2026-03-30 12:08:00;Diego Lima;Nobreak 1500VA;Informática;4;799.0;Londrina;PR;Cartão de Crédito
596;2026-03-30 13:07:00;Lucas Costa;Processador Intel i7;Informática;4;1950.0;Apucarana;PR;Pix
597;2026-03-30 14:41:00;Guilherme Ribeiro;Mouse Sem Fio;Informática;6;89.9;Arapongas;PR;Boleto Bancário
598;2026-03-30 16:57:00;Beatriz Lima;Placa de Vídeo RTX 4060;Informática;2;2100.0;Maringá;PR;Cartão de Crédito
599;2026-03-30 18:19:00;Enzo Rodrigues;Water Cooler 240mm;Informática;7;410.0;Londrina;PR;Boleto Bancário
600;2026-03-30 22:04:00;Amanda Gomes;Monitor Gamer 24 144Hz;Informática;4;980.0;Apucarana;PR;Pix
601;2026-03-31 00:26:00;João Ribeiro;Processador Intel i7;Informática;12;1950.0;Maringá;PR;Pix
602;2026-03-31 03:11:00;Arthur Lopes;Cadeira Gamer;Informática;4;990.0;Ibiporã;PR;Cartão de Crédito
603;2026-03-31 11:54:00;Beatriz Gomes;HD Externo 1TB;Informática;12;299.0;Londrina;PR;Boleto Bancário
604;2026-03-31 13:21:00;Yasmin Almeida;Tablet Android 10;Informática;8;899.0;Arapongas;PR;Boleto Bancário
605;2026-03-31 15:06:00;Gabriel Lima;Mouse Sem Fio;Informática;3;89.9;Ibiporã;PR;Boleto Bancário
606;2026-03-31 17:59:00;Daniel Souza;Placa de Vídeo RTX 4060;Informática;9;2100.0;Cambé;PR;Cartão de Crédito
607;2026-04-01 01:03:00;Gustavo Costa;Gabinete Gamer ATX;Informática;11;320.0;Apucarana;PR;Cartão de Crédito
608;2026-04-01 02:25:00;Vitor Ferreira;Headset Gamer;Informática;11;199.9;Maringá;PR;Cartão de Crédito
609;2026-04-01 03:36:00;Felipe Oliveira;Fonte Real 750W;Informática;7;490.0;Apucarana;PR;Cartão de Crédito
610;2026-04-01 05:08:00;Leonardo Almeida;SSD 1TB NVMe;Informática;10;450.0;Londrina;PR;Pix
611;2026-04-01 05:41:00;Diego Lima;Fonte Real 750W;Informática;1;490.0;Cambé;PR;Boleto Bancário
612;2026-04-01 07:36:00;Amanda Souza;Monitor Gamer 24 144Hz;Informática;10;980.0;Maringá;PR;Pix
613;2026-04-01 07:40:00;Bruna Martins;Cadeira Gamer;Informática;4;990.0;Maringá;PR;Pix
614;2026-04-01 08:50:00;Vinícius Lopes;Placa-Mãe MSI Gaming;Informática;10;890.0;Apucarana;PR;Boleto Bancário
615;2026-04-01 17:21:00;Rodrigo Gomes;Placa de Vídeo RX 7600;Informática;6;1650.0;Ibiporã;PR;Cartão de Crédito
616;2026-04-01 19:27:00;Gabriel Oliveira;Impressora Tanque Tinta;Informática;2;1100.0;Maringá;PR;Pix
617;2026-04-01 21:49:00;Guilherme Almeida;Fonte Real 650W;Informática;9;380.0;Ibiporã;PR;Pix
618;2026-04-02 00:31:00;Beatriz Rodrigues;Mousepad Extended;Informática;4;69.9;Londrina;PR;Boleto Bancário
619;2026-04-02 01:25:00;João Pereira;Headset Bluetooth;Informática;12;280.0;Maringá;PR;Pix
620;2026-04-02 07:37:00;João Alves;Placa de Vídeo RTX 4060;Informática;12;2100.0;Arapongas;PR;Boleto Bancário
621;2026-04-02 11:27:00;Lucas Vieira;Cooler Fan 120mm;Informática;12;45.0;Arapongas;PR;Cartão de Crédito
622;2026-04-02 18:18:00;Rafael Santos;Adaptador Bluetooth USB;Informática;9;39.9;Apucarana;PR;Pix
623;2026-04-03 02:27:00;Diego Souza;Nobreak 1500VA;Informática;5;799.0;Cambé;PR;Boleto Bancário
624;2026-04-03 03:43:00;Aline Souza;SSD 1TB NVMe;Informática;9;450.0;Maringá;PR;Pix
625;2026-04-03 16:37:00;Amanda Pereira;Cooler Fan 120mm;Informática;9;45.0;Apucarana;PR;Pix
626;2026-04-03 19:48:00;Enzo Rodrigues;Processador Intel i7;Informática;11;1950.0;Cambé;PR;Pix
627;2026-04-03 22:15:00;Rafael Santos;Nobreak 1500VA;Informática;1;799.0;Cambé;PR;Pix
628;2026-04-03 22:57:00;Aline Lopes;Cadeira Gamer;Informática;4;990.0;Apucarana;PR;Boleto Bancário
629;2026-04-04 11:24:00;Mateus Carvalho;Placa-Mãe ASUS Prime;Informática;9;780.0;Arapongas;PR;Cartão de Crédito
630;2026-04-04 11:58:00;Bruno Rodrigues;Monitor 4K 32;Informática;8;2400.0;Cambé;PR;Cartão de Crédito
631;2026-04-04 12:23:00;Letícia Souza;Notebook Home;Informática;6;2499.0;Arapongas;PR;Boleto Bancário
632;2026-04-04 16:32:00;Amanda Oliveira;Mouse Gamer RGB;Informática;2;149.9;Cambé;PR;Boleto Bancário
633;2026-04-04 17:52:00;Gabriel Martins;Placa-Mãe ASUS Prime;Informática;3;780.0;Maringá;PR;Cartão de Crédito
634;2026-04-04 23:08:00;Leonardo Vieira;HD Externo 1TB;Informática;8;299.0;Maringá;PR;Cartão de Crédito
635;2026-04-05 02:34:00;Aline Santos;Placa de Vídeo RTX 4060;Informática;11;2100.0;Arapongas;PR;Boleto Bancário
636;2026-04-05 03:48:00;Diego Alves;Monitor Gamer 27 165Hz;Informática;10;1350.0;Ibiporã;PR;Boleto Bancário
637;2026-04-05 06:28:00;Mateus Pereira;Gabinete Gamer ATX;Informática;6;320.0;Maringá;PR;Boleto Bancário
638;2026-04-05 09:04:00;Lucas Martins;Scanner de Mesa;Informática;1;650.0;Maringá;PR;Boleto Bancário
639;2026-04-05 13:56:00;Thiago Vieira;Monitor Gamer 27 165Hz;Informática;8;1350.0;Ibiporã;PR;Cartão de Crédito
640;2026-04-05 14:51:00;Gustavo Lima;Headset Gamer;Informática;12;199.9;Arapongas;PR;Pix
641;2026-04-05 15:35:00;Aline Barbosa;Scanner de Mesa;Informática;10;650.0;Apucarana;PR;Boleto Bancário
642;2026-04-05 16:17:00;Beatriz Rodrigues;Placa de Vídeo RTX 4060;Informática;2;2100.0;Apucarana;PR;Cartão de Crédito
643;2026-04-05 16:35:00;Maria Souza;HD Externo 2TB;Informática;2;449.0;Londrina;PR;Boleto Bancário
644;2026-04-05 17:57:00;Diego Ferreira;Fonte Real 650W;Informática;7;380.0;Maringá;PR;Cartão de Crédito
645;2026-04-06 03:43:00;Mateus Carvalho;Monitor 4K 32;Informática;4;2400.0;Cambé;PR;Boleto Bancário
646;2026-04-06 04:35:00;Gustavo Lima;SSD 2TB NVMe;Informática;12;820.0;Cambé;PR;Pix
647;2026-04-06 04:43:00;Leonardo Vieira;Filtro Linha 6 Tomadas;Informática;11;49.9;Cambé;PR;Pix
648;2026-04-06 07:24:00;Beatriz Gomes;Mini PC Intel;Informática;12;1250.0;Ibiporã;PR;Pix
649;2026-04-06 13:44:00;Beatriz Fernandes;Memória RAM 8GB DDR4;Informática;3;180.0;Cambé;PR;Pix
650;2026-04-06 22:09:00;Daniel Carvalho;Monitor Ultrawide 29;Informática;11;1150.0;Maringá;PR;Boleto Bancário
651;2026-04-07 02:28:00;Arthur Lopes;Switch Gigabit 8 Portas;Informática;6;135.0;Apucarana;PR;Boleto Bancário
652;2026-04-07 04:10:00;Bruna Vieira;Mouse Gamer RGB;Informática;7;149.9;Ibiporã;PR;Pix
653;2026-04-07 12:05:00;Gabriel Lima;Nobreak 1500VA;Informática;10;799.0;Maringá;PR;Boleto Bancário
654;2026-04-07 12:45:00;Yasmin Vieira;Roteador Wi-Fi 6;Informática;7;320.0;Cambé;PR;Boleto Bancário
655;2026-04-07 13:11:00;Felipe Alves;Gabinete Gamer ATX;Informática;8;320.0;Arapongas;PR;Pix
656;2026-04-07 20:50:00;Gustavo Pereira;Processador Intel i7;Informática;1;1950.0;Apucarana;PR;Boleto Bancário
657;2026-04-07 21:38:00;Maria Souza;Processador AMD Ryzen 7;Informática;3;1780.0;Apucarana;PR;Cartão de Crédito
658;2026-04-08 02:49:00;Vitor Lopes;Mouse Sem Fio;Informática;4;89.9;Apucarana;PR;Cartão de Crédito
659;2026-04-08 04:52:00;Amanda Souza;Cadeira Gamer;Informática;5;990.0;Cambé;PR;Boleto Bancário
660;2026-04-08 07:15:00;Aline Santos;Repetidor Wi-Fi;Informática;10;89.0;Maringá;PR;Cartão de Crédito
661;2026-04-08 10:01:00;Beatriz Gomes;Placa de Vídeo RTX 4060;Informática;6;2100.0;Maringá;PR;Cartão de Crédito
662;2026-04-08 10:28:00;Diego Carvalho;Gabinete Gamer ATX;Informática;10;320.0;Maringá;PR;Cartão de Crédito
663;2026-04-08 12:35:00;Lucas Pereira;Gabinete Gamer ATX;Informática;2;320.0;Cambé;PR;Pix
664;2026-04-08 12:42:00;Arthur Fernandes;Adaptador Bluetooth USB;Informática;12;39.9;Londrina;PR;Boleto Bancário
665;2026-04-08 14:55:00;Gustavo Costa;Mouse Gamer RGB;Informática;3;149.9;Arapongas;PR;Boleto Bancário
666;2026-04-08 16:20:00;Julia Oliveira;Impressora Tanque Tinta;Informática;2;1100.0;Cambé;PR;Boleto Bancário
667;2026-04-08 17:45:00;André Almeida;Mouse Sem Fio;Informática;12;89.9;Cambé;PR;Pix
668;2026-04-08 18:53:00;Thiago Ribeiro;Placa-Mãe MSI Gaming;Informática;1;890.0;Apucarana;PR;Pix
669;2026-04-08 19:33:00;Julia Carvalho;Microfone Condensador;Informática;2;340.0;Maringá;PR;Boleto Bancário
670;2026-04-08 19:43:00;Amanda Carvalho;Notebook Pro;Informática;1;6200.0;Ibiporã;PR;Boleto Bancário
671;2026-04-08 21:47:00;Vitor Ferreira;Headset Bluetooth;Informática;5;280.0;Cambé;PR;Cartão de Crédito
672;2026-04-09 06:58:00;Lucas Vieira;Mouse Gamer RGB;Informática;10;149.9;Maringá;PR;Pix
673;2026-04-09 07:28:00;Rodrigo Carvalho;Monitor Ultrawide 29;Informática;4;1150.0;Maringá;PR;Cartão de Crédito
674;2026-04-09 09:16:00;Beatriz Rodrigues;Mini PC Intel;Informática;7;1250.0;Arapongas;PR;Boleto Bancário
675;2026-04-09 10:11:00;Rodrigo Alves;Adaptador Bluetooth USB;Informática;2;39.9;Maringá;PR;Pix
676;2026-04-09 15:06:00;Ana Gomes;Cooler Fan 120mm;Informática;3;45.0;Maringá;PR;Pix
677;2026-04-09 15:25:00;Rafael Almeida;Placa-Mãe MSI Gaming;Informática;10;890.0;Ibiporã;PR;Cartão de Crédito
678;2026-04-09 17:32:00;Leonardo Ferreira;Repetidor Wi-Fi;Informática;5;89.0;Londrina;PR;Pix
679;2026-04-09 19:26:00;Felipe Lima;Monitor Ultrawide 29;Informática;12;1150.0;Maringá;PR;Cartão de Crédito
680;2026-04-09 22:09:00;Ana Alves;Monitor Gamer 24 144Hz;Informática;4;980.0;Arapongas;PR;Pix
681;2026-04-10 11:16:00;Aline Santos;Notebook Pro;Informática;4;6200.0;Cambé;PR;Boleto Bancário
682;2026-04-10 14:23:00;Diego Alves;Filtro Linha 6 Tomadas;Informática;4;49.9;Maringá;PR;Cartão de Crédito
683;2026-04-10 21:57:00;Enzo Rodrigues;Water Cooler 240mm;Informática;7;410.0;Apucarana;PR;Boleto Bancário
684;2026-04-11 04:38:00;Bruna Martins;Adaptador Bluetooth USB;Informática;2;39.9;Ibiporã;PR;Pix
685;2026-04-11 11:50:00;Diego Carvalho;Microfone Condensador;Informática;6;340.0;Maringá;PR;Pix
686;2026-04-11 14:49:00;Enzo Lima;Teclado de Membrana;Informática;11;79.9;Londrina;PR;Pix
687;2026-04-11 18:07:00;Thiago Silva;SSD 1TB NVMe;Informática;10;450.0;Arapongas;PR;Boleto Bancário
688;2026-04-11 18:36:00;Arthur Soares;SSD 500GB NVMe;Informática;1;260.0;Maringá;PR;Cartão de Crédito
689;2026-04-12 02:19:00;Bruna Vieira;Mini PC Intel;Informática;3;1250.0;Ibiporã;PR;Cartão de Crédito
690;2026-04-12 02:23:00;Felipe Santos;Memória RAM 16GB DDR4;Informática;1;320.0;Maringá;PR;Boleto Bancário
691;2026-04-12 08:00:00;Rafael Oliveira;SSD 500GB NVMe;Informática;1;260.0;Apucarana;PR;Boleto Bancário
692;2026-04-12 08:52:00;Larissa Santos;Memória RAM 16GB DDR4;Informática;8;320.0;Arapongas;PR;Cartão de Crédito
693;2026-04-12 09:47:00;Yasmin Almeida;Teclado Mecânico;Informática;12;249.9;Cambé;PR;Cartão de Crédito
694;2026-04-12 10:01:00;Vitor Soares;HD Externo 2TB;Informática;9;449.0;Apucarana;PR;Boleto Bancário
695;2026-04-12 10:41:00;Aline Gomes;Monitor Gamer 24 144Hz;Informática;12;980.0;Maringá;PR;Boleto Bancário
696;2026-04-12 10:53:00;Bruna Pereira;Impressora Tanque Tinta;Informática;1;1100.0;Arapongas;PR;Boleto Bancário
697;2026-04-12 11:49:00;Diego Alves;Tablet Android 10;Informática;1;899.0;Apucarana;PR;Cartão de Crédito
698;2026-04-12 15:11:00;Letícia Souza;Placa de Vídeo RX 7600;Informática;4;1650.0;Ibiporã;PR;Boleto Bancário
699;2026-04-12 17:23:00;Vitor Ferreira;Water Cooler 240mm;Informática;8;410.0;Ibiporã;PR;Cartão de Crédito
700;2026-04-12 19:03:00;Beatriz Ferreira;Placa-Mãe ASUS Prime;Informática;11;780.0;Apucarana;PR;Boleto Bancário
701;2026-04-12 20:05:00;Felipe Alves;Tablet Android 10;Informática;2;899.0;Londrina;PR;Pix
702;2026-04-12 22:46:00;Gabriel Almeida;Notebook Pro;Informática;4;6200.0;Arapongas;PR;Boleto Bancário
703;2026-04-13 02:09:00;Julia Fernandes;Scanner de Mesa;Informática;6;650.0;Arapongas;PR;Boleto Bancário
704;2026-04-13 10:50:00;Bruna Martins;Roteador Wi-Fi 6;Informática;3;320.0;Maringá;PR;Boleto Bancário
705;2026-04-13 13:43:00;Ana Alves;Monitor 21.5 IPS;Informática;12;599.0;Londrina;PR;Cartão de Crédito
706;2026-04-13 16:05:00;Larissa Silva;Fonte Real 750W;Informática;5;490.0;Apucarana;PR;Pix
707;2026-04-13 17:02:00;Daniel Souza;Caixa de Som PC;Informática;3;120.0;Londrina;PR;Pix
708;2026-04-13 21:53:00;Bruna Oliveira;Mini PC Intel;Informática;6;1250.0;Ibiporã;PR;Pix
709;2026-04-13 23:28:00;Thiago Soares;Fonte Real 750W;Informática;5;490.0;Londrina;PR;Boleto Bancário
710;2026-04-14 00:20:00;Beatriz Ferreira;Gabinete Gamer ATX;Informática;1;320.0;Cambé;PR;Pix
711;2026-04-14 08:32:00;Gustavo Fernandes;Fonte Real 650W;Informática;6;380.0;Arapongas;PR;Boleto Bancário
712;2026-04-14 09:29:00;Bruna Martins;Memória RAM 32GB DDR5;Informática;12;750.0;Arapongas;PR;Boleto Bancário
713;2026-04-14 11:32:00;Letícia Santos;Mini PC Intel;Informática;11;1250.0;Ibiporã;PR;Cartão de Crédito
714;2026-04-14 13:32:00;Lucas Santos;Webcam Full HD;Informática;10;210.0;Maringá;PR;Pix
715;2026-04-14 14:36:00;Amanda Carvalho;Mouse Sem Fio;Informática;6;89.9;Arapongas;PR;Boleto Bancário
716;2026-04-14 16:52:00;João Lopes;Memória RAM 32GB DDR5;Informática;11;750.0;Maringá;PR;Boleto Bancário
717;2026-04-14 20:11:00;Vinícius Lopes;Roteador Wi-Fi 6;Informática;4;320.0;Maringá;PR;Pix
718;2026-04-14 21:32:00;Rafael Souza;Impressora Tanque Tinta;Informática;9;1100.0;Maringá;PR;Pix
719;2026-04-14 22:40:00;Guilherme Carvalho;Cadeira Gamer;Informática;11;990.0;Cambé;PR;Cartão de Crédito
720;2026-04-14 23:10:00;Aline Souza;Mouse Gamer RGB;Informática;9;149.9;Cambé;PR;Boleto Bancário
721;2026-04-15 02:14:00;Rafael Santos;Memória RAM 16GB DDR4;Informática;6;320.0;Maringá;PR;Boleto Bancário
722;2026-04-15 03:08:00;André Costa;Processador AMD Ryzen 7;Informática;6;1780.0;Arapongas;PR;Pix
723;2026-04-15 08:02:00;Arthur Lopes;Mouse Sem Fio;Informática;12;89.9;Ibiporã;PR;Boleto Bancário
724;2026-04-15 10:25:00;Gustavo Fernandes;Water Cooler 240mm;Informática;4;410.0;Londrina;PR;Cartão de Crédito
725;2026-04-15 10:34:00;Felipe Rodrigues;SSD 2TB NVMe;Informática;10;820.0;Cambé;PR;Pix
726;2026-04-15 18:04:00;Leonardo Pereira;Switch Gigabit 8 Portas;Informática;10;135.0;Maringá;PR;Boleto Bancário
727;2026-04-16 00:01:00;Larissa Almeida;Fonte Real 650W;Informática;11;380.0;Londrina;PR;Pix
728;2026-04-16 10:45:00;Amanda Souza;Placa-Mãe MSI Gaming;Informática;8;890.0;Maringá;PR;Boleto Bancário
729;2026-04-16 11:55:00;Pedro Gomes;Switch Gigabit 8 Portas;Informática;12;135.0;Ibiporã;PR;Pix
730;2026-04-16 18:43:00;Beatriz Ferreira;SSD 2TB NVMe;Informática;8;820.0;Arapongas;PR;Cartão de Crédito
731;2026-04-17 05:12:00;Maria Lima;SSD 1TB NVMe;Informática;4;450.0;Londrina;PR;Pix
732;2026-04-17 05:42:00;Mateus Costa;Suporte Articulado;Informática;5;150.0;Arapongas;PR;Cartão de Crédito
733;2026-04-17 09:07:00;Bruna Pereira;Filtro Linha 6 Tomadas;Informática;4;49.9;Maringá;PR;Cartão de Crédito
734;2026-04-17 09:09:00;Arthur Soares;SSD 2TB NVMe;Informática;10;820.0;Arapongas;PR;Boleto Bancário
735;2026-04-17 10:59:00;Beatriz Gomes;Mouse Gamer RGB;Informática;4;149.9;Arapongas;PR;Pix
736;2026-04-17 13:09:00;Arthur Alves;Cadeira Gamer;Informática;10;990.0;Ibiporã;PR;Pix
737;2026-04-17 17:33:00;Amanda Santos;Nobreak 1500VA;Informática;7;799.0;Cambé;PR;Boleto Bancário
738;2026-04-17 19:38:00;Enzo Lima;Adaptador Bluetooth USB;Informática;9;39.9;Cambé;PR;Boleto Bancário
739;2026-04-17 19:40:00;André Almeida;Scanner de Mesa;Informática;9;650.0;Londrina;PR;Pix
740;2026-04-18 08:53:00;Arthur Alves;Monitor 21.5 IPS;Informática;4;599.0;Cambé;PR;Boleto Bancário
741;2026-04-18 11:57:00;Letícia Costa;Caixa de Som PC;Informática;1;120.0;Cambé;PR;Pix
742;2026-04-18 14:21:00;André Costa;Monitor 4K 32;Informática;11;2400.0;Londrina;PR;Cartão de Crédito
743;2026-04-18 15:06:00;Arthur Soares;Cooler Fan 120mm;Informática;7;45.0;Apucarana;PR;Pix
744;2026-04-18 16:07:00;Beatriz Fernandes;Monitor 21.5 IPS;Informática;7;599.0;Apucarana;PR;Boleto Bancário
745;2026-04-18 17:02:00;Amanda Souza;Placa de Vídeo RX 7600;Informática;9;1650.0;Maringá;PR;Pix
746;2026-04-18 17:47:00;Aline Ferreira;Notebook Pro;Informática;2;6200.0;Ibiporã;PR;Boleto Bancário
747;2026-04-18 19:49:00;Amanda Gomes;Memória RAM 16GB DDR4;Informática;10;320.0;Ibiporã;PR;Boleto Bancário
748;2026-04-18 20:50:00;Ana Gomes;Memória RAM 32GB DDR5;Informática;7;750.0;Apucarana;PR;Pix
749;2026-04-19 05:31:00;Thiago Souza;Processador AMD Ryzen 7;Informática;8;1780.0;Cambé;PR;Boleto Bancário
750;2026-04-19 07:11:00;Thiago Costa;HD Externo 1TB;Informática;2;299.0;Apucarana;PR;Pix
751;2026-04-19 15:38:00;João Santos;Impressora Tanque Tinta;Informática;12;1100.0;Maringá;PR;Boleto Bancário
752;2026-04-19 16:23:00;João Ribeiro;Nobreak 1500VA;Informática;2;799.0;Londrina;PR;Boleto Bancário
753;2026-04-19 22:16:00;Felipe Oliveira;Mousepad Extended;Informática;6;69.9;Londrina;PR;Boleto Bancário
754;2026-04-19 23:03:00;Gabriel Almeida;Scanner de Mesa;Informática;12;650.0;Cambé;PR;Boleto Bancário
755;2026-04-20 04:55:00;Arthur Pereira;SSD 1TB NVMe;Informática;9;450.0;Arapongas;PR;Cartão de Crédito
756;2026-04-20 05:44:00;Gabriel Vieira;Cadeira Gamer;Informática;6;990.0;Cambé;PR;Boleto Bancário
757;2026-04-20 09:36:00;Enzo Soares;SSD 500GB NVMe;Informática;3;260.0;Maringá;PR;Boleto Bancário
758;2026-04-20 12:00:00;Felipe Lopes;Placa de Vídeo RX 7600;Informática;5;1650.0;Apucarana;PR;Boleto Bancário
759;2026-04-20 14:14:00;Guilherme Santos;Cadeira Gamer;Informática;5;990.0;Ibiporã;PR;Cartão de Crédito
760;2026-04-20 17:31:00;Enzo Vieira;Memória RAM 16GB DDR4;Informática;4;320.0;Londrina;PR;Boleto Bancário
761;2026-04-20 17:49:00;Pedro Ribeiro;Suporte Articulado;Informática;1;150.0;Arapongas;PR;Pix
762;2026-04-20 21:23:00;Vitor Soares;Monitor Gamer 27 165Hz;Informática;1;1350.0;Cambé;PR;Pix
763;2026-04-21 03:00:00;Arthur Fernandes;Fonte Real 750W;Informática;10;490.0;Ibiporã;PR;Pix
764;2026-04-21 03:50:00;Vitor Souza;Monitor 21.5 IPS;Informática;8;599.0;Londrina;PR;Boleto Bancário
765;2026-04-21 05:06:00;Larissa Lima;Switch Gigabit 8 Portas;Informática;4;135.0;Cambé;PR;Pix
766;2026-04-21 05:08:00;Vitor Barbosa;Notebook Home;Informática;9;2499.0;Maringá;PR;Cartão de Crédito
767;2026-04-21 11:40:00;Guilherme Carvalho;SSD 2TB NVMe;Informática;1;820.0;Ibiporã;PR;Pix
768;2026-04-21 12:01:00;Guilherme Carvalho;Placa de Vídeo RTX 4060;Informática;1;2100.0;Ibiporã;PR;Boleto Bancário
769;2026-04-21 23:20:00;Lucas Pereira;Switch Gigabit 8 Portas;Informática;6;135.0;Londrina;PR;Cartão de Crédito
770;2026-04-22 00:33:00;Julia Carvalho;Memória RAM 8GB DDR4;Informática;3;180.0;Maringá;PR;Boleto Bancário
771;2026-04-22 02:58:00;Letícia Santos;Cooler Fan 120mm;Informática;11;45.0;Ibiporã;PR;Boleto Bancário
772;2026-04-22 05:46:00;Aline Santos;Switch Gigabit 8 Portas;Informática;9;135.0;Maringá;PR;Pix
773;2026-04-22 07:53:00;Bruna Silva;Filtro Linha 6 Tomadas;Informática;6;49.9;Londrina;PR;Cartão de Crédito
774;2026-04-22 08:26:00;Lucas Pereira;Cadeira Gamer;Informática;6;990.0;Apucarana;PR;Pix
775;2026-04-22 11:46:00;André Martins;Placa-Mãe ASUS Prime;Informática;7;780.0;Cambé;PR;Cartão de Crédito
776;2026-04-22 20:50:00;Pedro Gomes;Cooler Fan 120mm;Informática;3;45.0;Londrina;PR;Boleto Bancário
777;2026-04-22 20:52:00;Beatriz Lima;Water Cooler 240mm;Informática;9;410.0;Arapongas;PR;Boleto Bancário
778;2026-04-22 23:37:00;Rodrigo Carvalho;HD Externo 2TB;Informática;4;449.0;Cambé;PR;Cartão de Crédito
779;2026-04-23 01:08:00;Aline Santos;Memória RAM 8GB DDR4;Informática;12;180.0;Ibiporã;PR;Boleto Bancário
780;2026-04-23 01:37:00;Gustavo Costa;Placa-Mãe MSI Gaming;Informática;12;890.0;Ibiporã;PR;Boleto Bancário
781;2026-04-23 03:33:00;Rafael Oliveira;Scanner de Mesa;Informática;7;650.0;Cambé;PR;Pix
782;2026-04-23 09:53:00;Diego Alves;Gabinete Gamer ATX;Informática;10;320.0;Cambé;PR;Pix
783;2026-04-23 10:26:00;Yasmin Lima;Memória RAM 32GB DDR5;Informática;10;750.0;Arapongas;PR;Boleto Bancário
784;2026-04-23 14:33:00;João Vieira;Nobreak 1500VA;Informática;8;799.0;Arapongas;PR;Cartão de Crédito
785;2026-04-23 14:49:00;Larissa Almeida;Notebook Home;Informática;12;2499.0;Apucarana;PR;Cartão de Crédito
786;2026-04-23 23:44:00;Gabriel Fernandes;Processador Intel i7;Informática;1;1950.0;Arapongas;PR;Boleto Bancário
787;2026-04-24 02:36:00;Letícia Costa;Memória RAM 16GB DDR4;Informática;4;320.0;Cambé;PR;Pix
788;2026-04-24 02:57:00;Gabriel Martins;Webcam Full HD;Informática;6;210.0;Apucarana;PR;Boleto Bancário
789;2026-04-24 07:54:00;Yasmin Vieira;Notebook Gamer;Informática;1;5499.0;Ibiporã;PR;Cartão de Crédito
790;2026-04-24 08:11:00;Letícia Souza;Impressora Tanque Tinta;Informática;5;1100.0;Londrina;PR;Pix
791;2026-04-24 11:28:00;Rodrigo Alves;Mouse Sem Fio;Informática;9;89.9;Apucarana;PR;Cartão de Crédito
792;2026-04-24 11:48:00;Vinícius Lopes;Memória RAM 16GB DDR4;Informática;6;320.0;Apucarana;PR;Pix
793;2026-04-24 13:17:00;Leonardo Pereira;Nobreak 1500VA;Informática;10;799.0;Londrina;PR;Cartão de Crédito
794;2026-04-24 15:10:00;Beatriz Lima;HD Externo 1TB;Informática;6;299.0;Ibiporã;PR;Pix
795;2026-04-24 21:13:00;André Almeida;Monitor Gamer 24 144Hz;Informática;11;980.0;Maringá;PR;Pix
796;2026-04-25 07:34:00;Vitor Barbosa;SSD 500GB NVMe;Informática;8;260.0;Cambé;PR;Pix
797;2026-04-25 17:35:00;Guilherme Martins;Monitor 21.5 IPS;Informática;12;599.0;Londrina;PR;Boleto Bancário
798;2026-04-25 19:00:00;Leonardo Alves;Mouse Sem Fio;Informática;12;89.9;Ibiporã;PR;Pix
799;2026-04-25 21:59:00;Gabriel Oliveira;Repetidor Wi-Fi;Informática;1;89.0;Maringá;PR;Boleto Bancário
800;2026-04-26 01:03:00;Beatriz Lima;Mini PC Intel;Informática;6;1250.0;Londrina;PR;Cartão de Crédito
801;2026-04-26 07:09:00;Rafael Silva;Water Cooler 240mm;Informática;6;410.0;Arapongas;PR;Boleto Bancário
802;2026-04-26 07:48:00;Beatriz Fernandes;Roteador Wi-Fi 6;Informática;10;320.0;Cambé;PR;Pix
803;2026-04-26 10:04:00;Enzo Lima;SSD 2TB NVMe;Informática;2;820.0;Apucarana;PR;Boleto Bancário
804;2026-04-26 11:23:00;André Santos;Mouse Gamer RGB;Informática;1;149.9;Apucarana;PR;Pix
805;2026-04-26 14:19:00;Guilherme Ribeiro;Placa-Mãe MSI Gaming;Informática;4;890.0;Apucarana;PR;Pix
806;2026-04-26 16:09:00;Arthur Fernandes;Mouse Sem Fio;Informática;9;89.9;Apucarana;PR;Cartão de Crédito
807;2026-04-26 19:03:00;Bruna Vieira;Memória RAM 16GB DDR4;Informática;1;320.0;Maringá;PR;Cartão de Crédito
808;2026-04-26 22:38:00;Rodrigo Alves;Mousepad Extended;Informática;1;69.9;Arapongas;PR;Boleto Bancário
809;2026-04-27 00:46:00;Letícia Pereira;SSD 500GB NVMe;Informática;6;260.0;Arapongas;PR;Boleto Bancário
810;2026-04-27 02:20:00;Diego Pereira;Monitor 4K 32;Informática;6;2400.0;Maringá;PR;Cartão de Crédito
811;2026-04-27 02:42:00;Amanda Vieira;Monitor 4K 32;Informática;3;2400.0;Maringá;PR;Boleto Bancário
812;2026-04-27 02:43:00;Beatriz Gomes;Placa de Vídeo RTX 4060;Informática;7;2100.0;Ibiporã;PR;Boleto Bancário
813;2026-04-27 08:19:00;Larissa Lima;Memória RAM 16GB DDR4;Informática;5;320.0;Londrina;PR;Boleto Bancário
814;2026-04-27 09:12:00;Bruna Martins;Switch Gigabit 8 Portas;Informática;6;135.0;Arapongas;PR;Cartão de Crédito
815;2026-04-27 11:43:00;Amanda Costa;Memória RAM 8GB DDR4;Informática;11;180.0;Ibiporã;PR;Pix
816;2026-04-27 12:26:00;Julia Oliveira;Processador AMD Ryzen 7;Informática;5;1780.0;Ibiporã;PR;Cartão de Crédito
817;2026-04-27 17:09:00;Vitor Lima;Mouse Gamer RGB;Informática;4;149.9;Apucarana;PR;Pix
818;2026-04-27 20:34:00;Guilherme Almeida;Roteador Wi-Fi 6;Informática;8;320.0;Ibiporã;PR;Cartão de Crédito
819;2026-04-28 01:18:00;Gustavo Fernandes;Water Cooler 240mm;Informática;3;410.0;Apucarana;PR;Cartão de Crédito
820;2026-04-28 02:07:00;Aline Gomes;Processador Intel i7;Informática;9;1950.0;Cambé;PR;Cartão de Crédito
821;2026-04-28 02:55:00;Lucas Vieira;HD Externo 2TB;Informática;6;449.0;Cambé;PR;Pix
822;2026-04-28 07:13:00;Thiago Rodrigues;Water Cooler 240mm;Informática;12;410.0;Apucarana;PR;Boleto Bancário
823;2026-04-28 11:09:00;Gabriel Vieira;Fonte Real 750W;Informática;2;490.0;Apucarana;PR;Boleto Bancário
824;2026-04-28 18:47:00;Lucas Vieira;Teclado Mecânico;Informática;8;249.9;Londrina;PR;Cartão de Crédito
825;2026-04-28 19:11:00;Pedro Gomes;Processador AMD Ryzen 7;Informática;11;1780.0;Londrina;PR;Cartão de Crédito
826;2026-04-28 20:16:00;Vitor Ferreira;Headset Bluetooth;Informática;2;280.0;Arapongas;PR;Pix
827;2026-04-28 22:09:00;Rafael Souza;SSD 2TB NVMe;Informática;10;820.0;Cambé;PR;Boleto Bancário
828;2026-04-29 05:03:00;Daniel Barbosa;Impressora Tanque Tinta;Informática;8;1100.0;Cambé;PR;Pix
829;2026-04-29 18:39:00;Amanda Rodrigues;Mouse Sem Fio;Informática;4;89.9;Ibiporã;PR;Boleto Bancário
830;2026-04-29 21:46:00;Thiago Vieira;Roteador Wi-Fi 6;Informática;8;320.0;Cambé;PR;Cartão de Crédito
831;2026-04-29 22:13:00;Rodrigo Carvalho;Placa-Mãe MSI Gaming;Informática;8;890.0;Londrina;PR;Pix
832;2026-04-29 22:19:00;Vinícius Lopes;Mouse Sem Fio;Informática;11;89.9;Ibiporã;PR;Pix
833;2026-04-30 03:17:00;Larissa Almeida;Monitor Gamer 24 144Hz;Informática;4;980.0;Maringá;PR;Boleto Bancário
834;2026-04-30 04:39:00;Diego Carvalho;Gabinete Gamer ATX;Informática;7;320.0;Maringá;PR;Boleto Bancário
835;2026-04-30 09:10:00;Beatriz Lima;Tablet Android 10;Informática;6;899.0;Arapongas;PR;Pix
836;2026-04-30 13:03:00;Amanda Ribeiro;Processador AMD Ryzen 7;Informática;8;1780.0;Londrina;PR;Pix
837;2026-04-30 15:56:00;Ana Lopes;Monitor Gamer 24 144Hz;Informática;3;980.0;Apucarana;PR;Pix
838;2026-04-30 22:19:00;Julia Oliveira;Switch Gigabit 8 Portas;Informática;3;135.0;Cambé;PR;Cartão de Crédito
839;2026-05-01 01:40:00;Ana Lima;Caixa de Som PC;Informática;2;120.0;Apucarana;PR;Boleto Bancário
840;2026-05-01 03:43:00;Lucas Martins;Notebook Pro;Informática;5;6200.0;Cambé;PR;Pix
841;2026-05-01 06:23:00;Enzo Almeida;Caixa de Som PC;Informática;7;120.0;Maringá;PR;Boleto Bancário
842;2026-05-01 09:02:00;Larissa Pereira;Fonte Real 750W;Informática;3;490.0;Arapongas;PR;Pix
843;2026-05-01 09:34:00;Enzo Ferreira;Placa-Mãe ASUS Prime;Informática;4;780.0;Ibiporã;PR;Boleto Bancário
844;2026-05-01 14:40:00;Felipe Lima;Microfone Condensador;Informática;10;340.0;Apucarana;PR;Boleto Bancário
845;2026-05-01 15:28:00;Letícia Carvalho;Impressora Tanque Tinta;Informática;3;1100.0;Ibiporã;PR;Boleto Bancário
846;2026-05-01 22:53:00;Felipe Santos;Placa-Mãe ASUS Prime;Informática;12;780.0;Cambé;PR;Pix
847;2026-05-01 23:46:00;Enzo Almeida;Memória RAM 16GB DDR4;Informática;10;320.0;Arapongas;PR;Pix
848;2026-05-02 01:40:00;Rodrigo Fernandes;Repetidor Wi-Fi;Informática;8;89.0;Maringá;PR;Pix
849;2026-05-02 02:05:00;Aline Souza;Caixa de Som PC;Informática;10;120.0;Londrina;PR;Boleto Bancário
850;2026-05-02 08:02:00;Diego Santos;Switch Gigabit 8 Portas;Informática;7;135.0;Apucarana;PR;Pix
851;2026-05-02 14:16:00;Enzo Costa;Notebook Pro;Informática;1;6200.0;Londrina;PR;Cartão de Crédito
852;2026-05-02 15:41:00;Bruna Silva;Memória RAM 32GB DDR5;Informática;11;750.0;Londrina;PR;Cartão de Crédito
853;2026-05-02 16:09:00;Gustavo Fernandes;Tablet Android 10;Informática;8;899.0;Cambé;PR;Pix
854;2026-05-02 16:29:00;Yasmin Lima;Headset Bluetooth;Informática;10;280.0;Arapongas;PR;Cartão de Crédito
855;2026-05-02 19:54:00;Bruno Rodrigues;HD Externo 2TB;Informática;6;449.0;Apucarana;PR;Boleto Bancário
856;2026-05-02 21:07:00;Enzo Alves;Mini PC Intel;Informática;7;1250.0;Ibiporã;PR;Pix
857;2026-05-03 00:22:00;Yasmin Fernandes;Placa-Mãe MSI Gaming;Informática;1;890.0;Cambé;PR;Boleto Bancário
858;2026-05-03 04:29:00;Gustavo Souza;Caixa de Som PC;Informática;5;120.0;Londrina;PR;Pix
859;2026-05-03 05:33:00;Vitor Ferreira;Repetidor Wi-Fi;Informática;1;89.0;Ibiporã;PR;Boleto Bancário
860;2026-05-03 07:44:00;Amanda Oliveira;Teclado de Membrana;Informática;5;79.9;Londrina;PR;Cartão de Crédito
861;2026-05-03 10:59:00;Daniel Barbosa;Microfone Condensador;Informática;10;340.0;Arapongas;PR;Boleto Bancário
862;2026-05-03 16:26:00;Ana Lima;Mouse Gamer RGB;Informática;7;149.9;Arapongas;PR;Pix
863;2026-05-03 18:25:00;Vitor Soares;Microfone Condensador;Informática;4;340.0;Ibiporã;PR;Cartão de Crédito
864;2026-05-03 20:11:00;Felipe Costa;Monitor Gamer 24 144Hz;Informática;4;980.0;Cambé;PR;Pix
865;2026-05-04 07:54:00;Julia Carvalho;Headset Gamer;Informática;3;199.9;Apucarana;PR;Boleto Bancário
866;2026-05-04 08:46:00;Rodrigo Ribeiro;Memória RAM 32GB DDR5;Informática;1;750.0;Londrina;PR;Boleto Bancário
867;2026-05-04 09:47:00;Thiago Rodrigues;Processador AMD Ryzen 7;Informática;12;1780.0;Arapongas;PR;Boleto Bancário
868;2026-05-04 11:35:00;Rodrigo Ribeiro;Microfone Condensador;Informática;2;340.0;Maringá;PR;Boleto Bancário
869;2026-05-04 14:13:00;Thiago Costa;Webcam Full HD;Informática;12;210.0;Cambé;PR;Pix
870;2026-05-04 15:15:00;Amanda Gomes;Notebook Home;Informática;8;2499.0;Cambé;PR;Pix
871;2026-05-04 21:31:00;Aline Ferreira;Repetidor Wi-Fi;Informática;7;89.0;Apucarana;PR;Cartão de Crédito
872;2026-05-05 03:01:00;Pedro Carvalho;SSD 2TB NVMe;Informática;10;820.0;Londrina;PR;Boleto Bancário
873;2026-05-05 06:14:00;Beatriz Rodrigues;Monitor Gamer 27 165Hz;Informática;4;1350.0;Ibiporã;PR;Boleto Bancário
874;2026-05-05 06:22:00;Guilherme Martins;Water Cooler 240mm;Informática;9;410.0;Cambé;PR;Pix
875;2026-05-05 16:42:00;André Almeida;Placa de Vídeo RTX 4060;Informática;10;2100.0;Arapongas;PR;Boleto Bancário
876;2026-05-05 17:02:00;Amanda Oliveira;Headset Gamer;Informática;10;199.9;Arapongas;PR;Boleto Bancário
877;2026-05-06 02:30:00;Thiago Rodrigues;Placa-Mãe MSI Gaming;Informática;12;890.0;Ibiporã;PR;Boleto Bancário
878;2026-05-06 02:57:00;Thiago Ribeiro;Suporte Articulado;Informática;5;150.0;Arapongas;PR;Boleto Bancário
879;2026-05-06 03:55:00;Amanda Costa;Placa-Mãe MSI Gaming;Informática;10;890.0;Londrina;PR;Cartão de Crédito
880;2026-05-06 04:28:00;João Vieira;Monitor Gamer 24 144Hz;Informática;12;980.0;Ibiporã;PR;Boleto Bancário
881;2026-05-06 06:07:00;Vinícius Lopes;Placa-Mãe ASUS Prime;Informática;11;780.0;Cambé;PR;Boleto Bancário
882;2026-05-06 09:08:00;Letícia Santos;Mouse Sem Fio;Informática;1;89.9;Apucarana;PR;Boleto Bancário
883;2026-05-06 10:30:00;Diego Lima;Cadeira Gamer;Informática;8;990.0;Arapongas;PR;Boleto Bancário
884;2026-05-06 13:45:00;Aline Santos;Monitor Gamer 24 144Hz;Informática;12;980.0;Apucarana;PR;Pix
885;2026-05-06 14:10:00;Enzo Santos;Teclado de Membrana;Informática;5;79.9;Maringá;PR;Cartão de Crédito
886;2026-05-06 14:50:00;Enzo Lima;Impressora Tanque Tinta;Informática;12;1100.0;Apucarana;PR;Boleto Bancário
887;2026-05-06 16:40:00;Gabriel Ferreira;Adaptador Bluetooth USB;Informática;1;39.9;Ibiporã;PR;Pix
888;2026-05-06 17:48:00;Gabriel Vieira;Cabo de Rede CAT6 5m;Informática;10;25.0;Londrina;PR;Boleto Bancário
889;2026-05-06 18:50:00;Letícia Costa;Cooler Fan 120mm;Informática;10;45.0;Londrina;PR;Pix
890;2026-05-06 22:36:00;Beatriz Alves;Monitor Gamer 27 165Hz;Informática;3;1350.0;Cambé;PR;Cartão de Crédito
891;2026-05-06 23:41:00;Pedro Ribeiro;Water Cooler 240mm;Informática;3;410.0;Cambé;PR;Pix
892;2026-05-07 00:23:00;Mateus Soares;Water Cooler 240mm;Informática;1;410.0;Ibiporã;PR;Cartão de Crédito
893;2026-05-07 03:06:00;André Rodrigues;Switch Gigabit 8 Portas;Informática;10;135.0;Ibiporã;PR;Cartão de Crédito
894;2026-05-07 09:42:00;Guilherme Santos;Tablet Android 10;Informática;6;899.0;Maringá;PR;Pix
895;2026-05-07 10:11:00;Letícia Carvalho;Impressora Tanque Tinta;Informática;8;1100.0;Maringá;PR;Boleto Bancário
896;2026-05-07 13:43:00;Enzo Ferreira;Placa de Vídeo RTX 4060;Informática;2;2100.0;Maringá;PR;Boleto Bancário
897;2026-05-07 14:48:00;Lucas Costa;SSD 500GB NVMe;Informática;7;260.0;Arapongas;PR;Cartão de Crédito
898;2026-05-07 17:32:00;Arthur Soares;Tablet Android 10;Informática;12;899.0;Ibiporã;PR;Cartão de Crédito
899;2026-05-07 19:39:00;Julia Oliveira;HD Externo 2TB;Informática;12;449.0;Apucarana;PR;Cartão de Crédito
900;2026-05-08 04:40:00;Amanda Pereira;Notebook Pro;Informática;2;6200.0;Londrina;PR;Cartão de Crédito
901;2026-05-08 09:49:00;Leonardo Ferreira;Monitor 21.5 IPS;Informática;8;599.0;Apucarana;PR;Pix
902;2026-05-08 16:24:00;Rafael Ferreira;Filtro Linha 6 Tomadas;Informática;9;49.9;Maringá;PR;Pix
903;2026-05-08 19:34:00;Rafael Souza;Mini PC Intel;Informática;7;1250.0;Arapongas;PR;Pix
904;2026-05-08 20:28:00;Larissa Silva;SSD 500GB NVMe;Informática;7;260.0;Londrina;PR;Pix
905;2026-05-08 22:31:00;Vitor Oliveira;Mousepad Extended;Informática;11;69.9;Apucarana;PR;Boleto Bancário
906;2026-05-09 01:53:00;Arthur Alves;Mini PC Intel;Informática;2;1250.0;Cambé;PR;Boleto Bancário
907;2026-05-09 04:22:00;Leonardo Santos;Teclado de Membrana;Informática;10;79.9;Ibiporã;PR;Pix
908;2026-05-09 22:43:00;Larissa Soares;Teclado Mecânico;Informática;5;249.9;Londrina;PR;Pix
909;2026-05-10 06:09:00;Yasmin Fernandes;Notebook Pro;Informática;7;6200.0;Arapongas;PR;Boleto Bancário
910;2026-05-10 06:36:00;Lucas Santos;Filtro Linha 6 Tomadas;Informática;12;49.9;Ibiporã;PR;Boleto Bancário
911;2026-05-10 08:52:00;Maria Lima;Cadeira Gamer;Informática;9;990.0;Apucarana;PR;Boleto Bancário
912;2026-05-10 12:29:00;Amanda Gomes;Impressora Tanque Tinta;Informática;6;1100.0;Cambé;PR;Cartão de Crédito
913;2026-05-10 13:53:00;Diego Lima;Mini PC Intel;Informática;2;1250.0;Londrina;PR;Pix
914;2026-05-10 14:23:00;Diego Alves;Memória RAM 8GB DDR4;Informática;2;180.0;Ibiporã;PR;Pix
915;2026-05-10 14:48:00;Vitor Lopes;Teclado de Membrana;Informática;12;79.9;Apucarana;PR;Pix
916;2026-05-10 16:34:00;Julia Santos;HD Externo 1TB;Informática;1;299.0;Cambé;PR;Cartão de Crédito
917;2026-05-10 16:35:00;Enzo Lima;Placa de Vídeo RX 7600;Informática;11;1650.0;Maringá;PR;Boleto Bancário
918;2026-05-10 20:11:00;João Ribeiro;Notebook Gamer;Informática;12;5499.0;Londrina;PR;Cartão de Crédito
919;2026-05-11 03:24:00;Enzo Vieira;Switch Gigabit 8 Portas;Informática;7;135.0;Ibiporã;PR;Boleto Bancário
920;2026-05-11 12:26:00;Rafael Santos;Adaptador Bluetooth USB;Informática;2;39.9;Ibiporã;PR;Cartão de Crédito
921;2026-05-11 12:32:00;Enzo Santos;Gabinete Gamer ATX;Informática;8;320.0;Ibiporã;PR;Cartão de Crédito
922;2026-05-11 14:51:00;Thiago Costa;Notebook Gamer;Informática;5;5499.0;Arapongas;PR;Boleto Bancário
923;2026-05-11 15:50:00;Diego Santos;Tablet Android 10;Informática;6;899.0;Apucarana;PR;Cartão de Crédito
924;2026-05-11 23:33:00;Lucas Martins;Cadeira Gamer;Informática;5;990.0;Londrina;PR;Pix
925;2026-05-11 23:56:00;Amanda Rodrigues;Headset Bluetooth;Informática;1;280.0;Apucarana;PR;Pix
926;2026-05-12 04:20:00;Arthur Soares;SSD 2TB NVMe;Informática;2;820.0;Arapongas;PR;Cartão de Crédito
927;2026-05-12 13:06:00;Ana Gomes;Notebook Home;Informática;3;2499.0;Ibiporã;PR;Pix
928;2026-05-12 13:29:00;Thiago Rodrigues;Memória RAM 8GB DDR4;Informática;9;180.0;Arapongas;PR;Cartão de Crédito
929;2026-05-12 15:29:00;João Carvalho;Notebook Home;Informática;2;2499.0;Arapongas;PR;Boleto Bancário
930;2026-05-13 03:18:00;Julia Gomes;Gabinete Gamer ATX;Informática;1;320.0;Londrina;PR;Cartão de Crédito
931;2026-05-13 05:35:00;Mateus Alves;Adaptador Bluetooth USB;Informática;5;39.9;Arapongas;PR;Cartão de Crédito
932;2026-05-13 06:05:00;Gustavo Fernandes;Monitor Gamer 27 165Hz;Informática;11;1350.0;Ibiporã;PR;Cartão de Crédito
933;2026-05-13 06:35:00;Gustavo Martins;Placa de Vídeo RTX 4060;Informática;7;2100.0;Apucarana;PR;Cartão de Crédito
934;2026-05-13 11:08:00;Beatriz Lima;Impressora Tanque Tinta;Informática;7;1100.0;Cambé;PR;Cartão de Crédito
935;2026-05-13 14:03:00;André Santos;Monitor Ultrawide 29;Informática;8;1150.0;Arapongas;PR;Pix
936;2026-05-14 09:29:00;Mateus Alves;Caixa de Som PC;Informática;2;120.0;Cambé;PR;Cartão de Crédito
937;2026-05-14 15:40:00;Gabriel Almeida;Processador Intel i7;Informática;12;1950.0;Arapongas;PR;Cartão de Crédito
938;2026-05-14 19:10:00;Gabriel Oliveira;Adaptador Bluetooth USB;Informática;6;39.9;Apucarana;PR;Boleto Bancário
939;2026-05-14 20:17:00;Leonardo Ferreira;Mouse Sem Fio;Informática;1;89.9;Ibiporã;PR;Boleto Bancário
940;2026-05-15 01:42:00;Diego Carvalho;Placa-Mãe MSI Gaming;Informática;9;890.0;Apucarana;PR;Cartão de Crédito
941;2026-05-15 01:53:00;André Martins;Monitor 21.5 IPS;Informática;5;599.0;Ibiporã;PR;Cartão de Crédito
942;2026-05-15 02:41:00;André Ribeiro;SSD 2TB NVMe;Informática;1;820.0;Arapongas;PR;Boleto Bancário
943;2026-05-15 08:52:00;Lucas Pereira;HD Externo 1TB;Informática;12;299.0;Arapongas;PR;Cartão de Crédito
944;2026-05-15 12:20:00;Amanda Souza;Notebook Gamer;Informática;6;5499.0;Arapongas;PR;Cartão de Crédito
945;2026-05-15 15:56:00;Arthur Soares;Notebook Gamer;Informática;12;5499.0;Maringá;PR;Cartão de Crédito
946;2026-05-15 19:18:00;Maria Lima;Placa de Vídeo RTX 4060;Informática;1;2100.0;Ibiporã;PR;Boleto Bancário
947;2026-05-16 06:24:00;Thiago Fernandes;Fonte Real 750W;Informática;7;490.0;Londrina;PR;Boleto Bancário
948;2026-05-16 07:40:00;Larissa Santos;Notebook Pro;Informática;8;6200.0;Cambé;PR;Pix
949;2026-05-16 11:27:00;André Almeida;Processador AMD Ryzen 7;Informática;6;1780.0;Londrina;PR;Pix
950;2026-05-16 13:07:00;Arthur Alves;Nobreak 1500VA;Informática;7;799.0;Londrina;PR;Cartão de Crédito
951;2026-05-16 13:10:00;Gustavo Martins;Notebook Pro;Informática;9;6200.0;Arapongas;PR;Boleto Bancário
952;2026-05-16 17:38:00;Gustavo Fernandes;Roteador Wi-Fi 6;Informática;12;320.0;Cambé;PR;Cartão de Crédito
953;2026-05-16 22:23:00;André Almeida;Placa-Mãe ASUS Prime;Informática;12;780.0;Maringá;PR;Pix
954;2026-05-16 23:17:00;Larissa Fernandes;Notebook Pro;Informática;8;6200.0;Cambé;PR;Cartão de Crédito
955;2026-05-17 00:58:00;Daniel Barbosa;Fonte Real 750W;Informática;11;490.0;Maringá;PR;Cartão de Crédito
956;2026-05-17 04:17:00;João Vieira;SSD 2TB NVMe;Informática;1;820.0;Apucarana;PR;Cartão de Crédito
957;2026-05-17 10:34:00;Letícia Santos;Monitor 21.5 IPS;Informática;3;599.0;Cambé;PR;Cartão de Crédito
958;2026-05-17 12:20:00;Aline Costa;Memória RAM 8GB DDR4;Informática;8;180.0;Cambé;PR;Boleto Bancário
959;2026-05-17 16:59:00;Amanda Ribeiro;Fonte Real 650W;Informática;4;380.0;Arapongas;PR;Pix
960;2026-05-17 20:22:00;Amanda Vieira;Filtro Linha 6 Tomadas;Informática;7;49.9;Apucarana;PR;Cartão de Crédito
961;2026-05-18 04:10:00;Julia Oliveira;Mini PC Intel;Informática;9;1250.0;Maringá;PR;Pix
962;2026-05-18 05:23:00;André Costa;HD Externo 2TB;Informática;1;449.0;Cambé;PR;Cartão de Crédito
963;2026-05-18 08:59:00;Amanda Ribeiro;Teclado Mecânico;Informática;2;249.9;Apucarana;PR;Cartão de Crédito
964;2026-05-18 09:01:00;Julia Carvalho;Suporte Articulado;Informática;3;150.0;Ibiporã;PR;Pix
965;2026-05-18 10:01:00;Beatriz Fernandes;Repetidor Wi-Fi;Informática;8;89.0;Maringá;PR;Boleto Bancário
966;2026-05-18 12:33:00;Rodrigo Ribeiro;Placa de Vídeo RTX 4060;Informática;2;2100.0;Ibiporã;PR;Boleto Bancário
967;2026-05-18 15:15:00;Thiago Ribeiro;Headset Bluetooth;Informática;3;280.0;Londrina;PR;Pix
968;2026-05-18 15:22:00;Larissa Lima;Placa-Mãe MSI Gaming;Informática;1;890.0;Maringá;PR;Cartão de Crédito
969;2026-05-18 15:29:00;João Santos;Scanner de Mesa;Informática;10;650.0;Apucarana;PR;Pix
970;2026-05-18 19:40:00;Diego Santos;Impressora Tanque Tinta;Informática;8;1100.0;Ibiporã;PR;Cartão de Crédito
971;2026-05-18 21:46:00;Thiago Rodrigues;HD Externo 2TB;Informática;11;449.0;Apucarana;PR;Boleto Bancário
972;2026-05-18 21:52:00;Guilherme Martins;Mousepad Extended;Informática;4;69.9;Maringá;PR;Boleto Bancário
973;2026-05-18 22:11:00;André Almeida;Impressora Tanque Tinta;Informática;10;1100.0;Maringá;PR;Boleto Bancário
974;2026-05-18 22:58:00;Letícia Santos;Monitor Gamer 27 165Hz;Informática;2;1350.0;Ibiporã;PR;Pix
975;2026-05-19 01:22:00;Felipe Lopes;Teclado de Membrana;Informática;1;79.9;Cambé;PR;Cartão de Crédito
976;2026-05-19 01:59:00;Gabriel Fernandes;HD Externo 1TB;Informática;9;299.0;Londrina;PR;Boleto Bancário
977;2026-05-19 04:41:00;André Martins;Headset Gamer;Informática;9;199.9;Cambé;PR;Cartão de Crédito
978;2026-05-19 08:51:00;Diego Santos;Monitor 21.5 IPS;Informática;11;599.0;Ibiporã;PR;Cartão de Crédito
979;2026-05-19 10:24:00;Vitor Ferreira;Water Cooler 240mm;Informática;4;410.0;Londrina;PR;Cartão de Crédito
980;2026-05-19 13:37:00;Rafael Almeida;Mini PC Intel;Informática;8;1250.0;Maringá;PR;Cartão de Crédito
981;2026-05-19 14:26:00;Gabriel Martins;Tablet Android 10;Informática;1;899.0;Ibiporã;PR;Pix
982;2026-05-19 15:28:00;Yasmin Almeida;Cooler Fan 120mm;Informática;7;45.0;Apucarana;PR;Pix
983;2026-05-19 20:03:00;André Martins;Notebook Home;Informática;8;2499.0;Londrina;PR;Cartão de Crédito
984;2026-05-19 23:56:00;Vitor Ferreira;Filtro Linha 6 Tomadas;Informática;9;49.9;Maringá;PR;Cartão de Crédito
985;2026-05-20 05:43:00;João Alves;Processador AMD Ryzen 7;Informática;9;1780.0;Londrina;PR;Cartão de Crédito
986;2026-05-20 07:41:00;Letícia Ferreira;Fonte Real 750W;Informática;8;490.0;Cambé;PR;Boleto Bancário
987;2026-05-20 09:41:00;Felipe Lopes;Mouse Gamer RGB;Informática;4;149.9;Ibiporã;PR;Boleto Bancário
988;2026-05-20 12:29:00;Vinícius Silva;Mouse Gamer RGB;Informática;2;149.9;Apucarana;PR;Cartão de Crédito
989;2026-05-20 12:57:00;Letícia Carvalho;Memória RAM 8GB DDR4;Informática;12;180.0;Arapongas;PR;Cartão de Crédito
990;2026-05-20 13:34:00;Vitor Lopes;Headset Bluetooth;Informática;2;280.0;Arapongas;PR;Boleto Bancário
991;2026-05-20 15:11:00;Vitor Ferreira;Monitor Gamer 27 165Hz;Informática;7;1350.0;Maringá;PR;Cartão de Crédito
992;2026-05-20 15:16:00;Thiago Costa;Notebook Home;Informática;3;2499.0;Arapongas;PR;Pix
993;2026-05-20 19:57:00;Beatriz Gomes;Memória RAM 32GB DDR5;Informática;12;750.0;Maringá;PR;Boleto Bancário
994;2026-05-21 00:46:00;Larissa Soares;Teclado de Membrana;Informática;4;79.9;Apucarana;PR;Cartão de Crédito
995;2026-05-21 04:59:00;Enzo Oliveira;Placa de Vídeo RTX 4060;Informática;10;2100.0;Londrina;PR;Pix
996;2026-05-21 08:52:00;Amanda Oliveira;Memória RAM 32GB DDR5;Informática;8;750.0;Arapongas;PR;Pix
997;2026-05-21 10:22:00;André Martins;SSD 1TB NVMe;Informática;6;450.0;Maringá;PR;Pix
998;2026-05-21 14:57:00;Bruno Lima;Switch Gigabit 8 Portas;Informática;11;135.0;Cambé;PR;Cartão de Crédito
999;2026-05-21 15:48:00;André Ribeiro;Adaptador Bluetooth USB;Informática;4;39.9;Londrina;PR;Pix
1000;2026-05-21 22:20:00;Thiago Fernandes;Monitor 4K 32;Informática;4;2400.0;Cambé;PR;Pix
